code,product name ,quantity (CLEANED to Gram),,,,,,quantity,serving size,nutrition_data_per,energy-kcal_value,energy-kcal_unit,fat_value,fat_unit,saturated-fat_value,saturated-fat_unit,carbohydrates_value,carbohydrates_unit,sugars_value,sugars_unit,proteins_value,proteins_unit,salt value,salt_unit,sodium_value,sodium_unit
8.8882E+12,Straight Red Tea,250.00,250 ,250 ,250 ,250 ,250 ,250 ml,#REF!,100g,23.2,kcal,0,g,0,g,5.8,g,5.8,g,0,g,0.02,g,0.008,g
4.0373E+12,Linsen Eintopf mit Würstchen,800.00,800,800,800,800,800g,800g,#REF!,100g,8,kcal,2,g,0.8,g,9.4,g,1.3,g,4.2,g,0.98,g,0.392,g
8.0768E+12,Fusilli,500.00,500 ,500 ,500 ,500 ,500 g,500 g,#REF!,100g,359,kcal,2,g,0.5,g,71,g,3.5,g,13,g,0.01,g,0.004,g
40081410,Essiggurken,670.00,670,670,670,670,670g,670g,#REF!,100g,25,kcal,0.5,g,0.1,g,4.3,g,4.2,g,0.8,g,1.3,g,0.52,g
71570001841,Jelly belly,70.00,70.0 ,70.0 ,70.0 ,70.0 ,70.0 g,70.0 g,#REF!,100g,356,kcal,0,g,0,g,89,g,60,g,0.2,g,0.8,g,0.32,g
4.0171E+12,Saltletts,250.00,250,250,250,250,250g,250g,#REF!,100g,392,kcal,5.9,g,0.8,g,71,g,3.4,g,12,g,4.5,g,1.8,g
4.00224E+12,Kapern,60.00,60,60,60,60,60g,60g,#REF!,100g,30,kcal,0.5,g,0.2,g,1.9,g,0.2,g,1.3,g,5.85,g,2.34,g
4.0373E+12,Erbsen Eintopf Hubertus,800.00,800,800,800,800,800g,800g,#REF!,100g,104,kcal,1.8,g,0.5,g,14,g,0.8,g,6,g,0.87,g,0.348,g
4.0004E+12,Kartoffel Knödel Halb & Halb,200.00,200 ,200 ,200 ,200 ,200 g,200 g,#REF!,100g,117,kcal,0.7,g,0.4,g,23,g,0.7,g,2.2,g,0.92,g,0.368,g
4.0233E+12,langnese pure bee honey,375.00,375,375,375,375,375g,375g,#REF!,100g,302,kcal,0.1,g,0.1,g,75.1,g,75.1,g,0.4,g,0.018796,g,0.0075184,g
4.0055E+12,Ravioli Gemüse,800.00,800,800,800,800,800g,800g,#REF!,100g,82,kcal,1.3,g,0.1,g,13.7,g,3.3,g,2.9,g,0.96,g,0.384,g
8.80922E+12,Pomegranate Beauty,450.00,450 ,450 ,450 ,450 ,450 g,450 g,#REF!,100g,60,kcal,0,g,0,g,15,g,3,g,0,g,0.049,g,0.0196,g
8.00043E+12,Grana padano d.o.p.,200.00,200 ,200 ,200 ,200 ,200 g,200 g,#REF!,100g,395,kcal,29,g,18,g,0,g,0,g,33,g,1.5,g,0.6,g
51000025494,Prego Italian Sauce,680.00,680 ,680 ,680 ,680 ,680 g,680 g,#REF!,100g,58,kcal,1.25,g,0,g,10.83,g,7.5,g,1.67,g,1,g,0.4,g
6.00124E+12,Ceres Pinapple,1000.00,1000,1 ,1 l,1 l,1 l,1 l,#REF!,100g,48,kcal,0,g,0,g,11.5,g,11.5,g,0,g,0.2,g,0.08,g
40081908,Sauerkraut Dose,770.00,770,770,770,770,770g,770g,#REF!,100g,22,kcal,0.5,g,0.1,g,1.9,g,1.7,g,1.5,g,1.075,g,0.43,g
4.0373E+12,Kartoffel Topf mit Würstchen,800.00,800,800,800,800,800g,800g,#REF!,100g,61,kcal,2.2,g,0.8,g,8.3,g,0.7,g,1.8,g,0.91,g,0.364,g
8.7141E+12,Magnum Glace Batonnet Mini Chocolat Praline 6x55ml,276.00,276 ,276 ,276 ,276 ,276 g,276 g,#REF!,100g,275,kcal,18,g,10,g,24,g,22,g,3.4,g,0.1,g,0.04,g
9.30066E+12,Farmers Union Greek Style Natural Yogurt,1000.00,1000,1 k,1 k,1 k,1 kg,1 kg,#REF!,100g,127,kcal,9.7,g,6.5,g,5.2,g,5.2,g,4.8,g,0.1,g,0.04,g
8.00032E+12,Pelati Geschälte Tomaten,400.00,400,400,400,400,400g,400g,#REF!,100g,27,kcal,0.2,g,0.1,g,4.2,g,3.8,g,1.1,g,0.019,g,0.0076,g
4.0055E+12,Ravioli,400.00,400,1pcs,1pcs,1pcs,1pcs,1pcs,#REF!,100g,88,kcal,2.2,g,0.6,g,13.4,g,1.9,g,3.3,g,0.91,g,0.364,g
8.7112E+12,Gemüse Bouillon,120.00,120,120,120,120,120g,120g,#REF!,100g,4,kcal,0.5,g,0.1,g,0.6,g,0.5,g,0.5,g,0.85,g,0.34,g
28400003575,Doritos Spicy Nacho Tortilla Chips,198.00,198,198 rs,198 rs,198 rs,198 grs,198 grs,#REF!,28g,150,kcal,8,g,1,g,18,g,1,g,2,g,0.474999994,g,0.189999998,g
5.00016E+12,Snickers,50.00,50 ,50 ,50 ,50 ,50 g,50 g,#REF!,100g,481,kcal,23,g,7.9,g,61,g,52,g,8.6,g,0.63,g,0.252,g
5.01837E+12,Original breadsticks,125.00,125,125,125,125,125g,125g,#REF!,100g,414,kcal,7.9,g,1.4,g,73.1,g,2.8,g,11.2,g,1.8,g,0.72,g
3.04692E+12,Edelbitterschokolade Mild 90%,100.00,100 ,100 ,100 ,100 ,100 g,100 g,#REF!,100g,592,kcal,55,g,30,g,14,g,7,g,10,g,0.03,g,0.012,g
8.7179E+12,Nido Fortifié,400.00,400 ,400 ,400 ,400 ,400 g,400 g,#REF!,100g,132,kcal,7.3,g,4.6,g,10.4,g,10.4,g,6.1,g,0.000221234,g,8.84936E-05,g
8.8882E+12,Houjicha Roasted Tea,500.00,500,0.5 ,0.5 ,0.5 L,0.5 L,0.5 L,#REF!,100g,0,kcal,0,g,0,g,0,g,0,g,0,g,0.02,g,0.008,g
8.85003E+12,Diet Blue Charge,1000.00,1000,1,1l,1l,1l,1l,#REF!,100g,22,kcal,0,g,0,g,6,g,4.5,g,0,g,0.059999999,g,0.023999999,g
4.90133E+12,Crispy potato original,80.00,80,80,80,80,80g,80g,#REF!,15g,80,kcal,5,g,3,g,8,g,2,g,1,g,2.794E-13,g,1.1176E-13,g
8.88831E+12,2 in 1 Instant Coffee Mix,300.00,300,25 x 12,25 x 12,25 x 12,25 x 12g,25 x 12g,#REF!,100g,60,kcal,25.7,g,0.1,g,0.1,g,0.1,g,6.1,g,0.054,g,0.0216,g
8.00374E+12,Couscous,500.00,500 ,500 ,500 ,500 ,500 g,500 g,#REF!,100g,348,kcal,1.1,g,0.1,g,71,g,3.5,g,12,g,0.01,g,0.004,g
6.29101E+12,Chocodate Assorted,250.00,250,250,250,250,250g,250g,#REF!,100g,426,kcal,10,g,3.3,g,50,g,50,g,8,g,0.08,g,0.032,g
9.30062E+12,Old gold dark chocolate,180.00,180 ,180 ,180 ,180 ,180 g,180 g,#REF!,100g,554,kcal,39.3,g,24.6,g,36.4,g,28.9,g,9.7,g,0.02794,g,0.011176,g
9.4219E+12,Crunchy Peanut Butter,380.00,380,380,380,380,380g,380g,#REF!,100g,567,kcal,46.67,g,3.33,g,10,g,3.33,g,23.33,g,0.5,g,0.2,g
4.90178E+12,Gokuri Grapefruit Pink&White,400.00,400 ,400 ,400 ,400 ,400 g,400 g,#REF!,100g,379,kcal,16.5,g,10.1,g,51.7,g,48.3,g,5.8,g,0.5,g,0.2,g
9.31639E+12,Garlic & Chives Cream Cheese,125.00,125 ,125 ,125 ,125 ,125 g,125 g,#REF!,100g,342,kcal,32,g,22,g,5,g,1.6,g,8.9,g,1.27,g,0.508,g
8.88808E+12,Nescafe Iced Cappuccino,500.00,500 ,500 ,500 ,500 ,500 ,500 ml,#REF!,250ml,100,kcal,2,g,1.5,g,18,g,14.25,g,2.5,g,0.3048,g,0.12192,g
8.4103E+12,Yakisoba pollo,93.00,93 ,93 ,93 ,93 ,93 g,93 g,#REF!,100g,224,kcal,10,g,4.7,g,28,g,3.7,g,4.7,g,1.2,g,0.48,g
9.55731E+12,Logan Red Dates drink,250.00,250 ,250 ,250 ,250 ,250 ,250 ml,#REF!,100g,41,kcal,0,g,0,g,10.3,g,9.4,g,0,g,0.2,g,0.08,g
9.55562E+12,Wraps,360.00,360 ,360 ,360 ,360 ,360 g,360 g,#REF!,100g,305,kcal,3,g,1.9,g,61.7,g,26.9,g,7.9,g,0.77,g,0.308,g
6.00124E+12,Ceres Juice Grapefruit,1000.00,1000,1 ,1 ,1 L,1 L,1 L,#REF!,100g,88,kcal,0,g,0,g,21,g,21,g,0,g,0,g,0,g
42094722,Senf Löwensenf extra scharf,250.00,250,250,250,250,250,250ml,#REF!,100g,173,kcal,12.6,g,1.7,g,1.5,g,1.5,g,8.9,g,6.4,g,2.56,g
4.00871E+12,Corn flakes,375.00,375 ,375 ,375 ,375 ,375 g,375 g,#REF!,100g,379,kcal,1,g,0.2,g,82.7,g,5.8,g,8.2,g,2.2,g,0.88,g
3.76015E+12,Goûtine Noix de Coco,125.00,125,125,125,125,125g,125g,#REF!,100g,510,kcal,29,g,14,g,57,g,32,g,4.4,g,1.18,g,0.472,g
8.90208E+12,Tropicana,200.00,200,200,200,200,200,200ml,#REF!,100g,49,kcal,0,g,0,g,12.3,g,12,g,0,g,0,g,0,g
4.80036E+12,Cookie Crisp,330.00,330 ,330 ,330 ,330 ,330 g,330 g,#REF!,100g,370,kcal,3.2,g,1.3,g,79,g,29.8,g,6.2,g,1.11506,g,0.446024,g
8.80107E+12,Hot chicken flavor ramen (CHEESE),140.00,140 ,140 ,140 ,140 ,140 g,140 g,#REF!,100g,392.8571429,kcal,12.85714286,g,6.428571429,g,60,g,5,g,9.285714286,g,2.571428571,g,1.028571429,g
8.88808E+12,Plain crackers with sesame,104.00,104 ,104 ,104 ,104 ,104 g,104 g,#REF!,100g,446,kcal,13,g,5.800000191,g,72.09999847,g,1.5,g,10.19999981,g,0.5,g,0.2,g
8.88726E+12,Fresh Eggs,600.00,600 ,600 ,600 ,600 ,600 g,600 g,#REF!,100g,122,kcal,6.4,g,2.7,g,3.5,g,0.2,g,12.6,g,0.36,g,0.144,g
8.00043E+12,Parmigiano Reggiano,200.00,200 ,200 ,200 ,200 ,200 g,200 g,#REF!,100g,402,kcal,30,g,20,g,0,g,0,g,32,g,1.6,g,0.64,g
8.88801E+12,Enriched Butter Sugar Wholemeal Cream Bun,65.00,65 ,65 ,65 ,65 ,65 g,65 g,#REF!,100g,297,kcal,7.4,g,3.9,g,48.1,g,14.9,g,9.4,g,0.86614,g,0.346456,g
8.88808E+12,Hello Panda strawberry,50.00,50,50,50,50,50g,50g,#REF!,50g,160,kcal,8.8,g,4.8,g,18.8,g,8.8,g,1.5,g,0.2159,g,0.08636,g
9.30046E+12,Tuna in olive oil blend,95.00,95,95,95,95,95g,95g,#REF!,100g,198.8888847,kcal,10.97222235,g,1.666666733,g,1.388888889,g,1.388888889,g,25,g,1.125000003,g,0.450000001,g
8.88825E+12,Fine Grain Wholemeal Bread,420.00,420 ,420 ,420 ,420 ,420 g,420 g,#REF!,100g,242,kcal,2.3,g,1.1,g,48,g,3.5,g,12.4,g,0.344,g,0.1376,g
7.6107E+12,Eucalipto,45.00,45 ,45 ,45 ,45 ,45 g,45 g,#REF!,100g,235,kcal,0,g,0,g,98,g,0,g,0,g,0,g,0,g
9.55616E+12,Lychee Drink,1000.00,1000,1,1l,1l,1l,1l,#REF!,100g,41,kcal,0,g,0,g,10.3,g,9.9,g,0,g,0,g,0,g
8.7112E+12,Soße zu Braten extra,84.00,84 ,84 ,84 ,84 ,84 g,84 g,#REF!,100g,44,kcal,1.4,g,0.9,g,6.7,g,1.3,g,0.9,g,1.2,g,0.48,g
8.7112E+12,Delikatess Brühe,7.20,7.2,7.2,7.2l,7.2l,7.2l,7.2l,#REF!,100g,3,kcal,0.5,g,0.1,g,0.6,g,0.5,g,0.5,g,1,g,0.4,g
4.89103E+12,Vita superlcy lemon tea drink,250.00,250,250m,250m,250mL,250mL,250mL,#REF!,100g,40,kcal,0,g,0,g,10,g,10,g,0,g,0.0625,g,0.025,g
8.88701E+12,Fine Iodized Salt,500.00,500,500m/pkt,500m/pkt,500m/pkt,500gm/pkt,500gm/pkt,#REF!,2.5g,0,kcal,0,g,0,g,0,g,0,g,0,g,2.4475,g,0.979,g
93856991219,Sriracha Sauce (Thai Chilli Sauce),700.00,700,700,700,700,700,700ml,#REF!,15g,15,kcal,0,g,0,g,4,g,2,g,0,g,0.7874,g,0.31496,g
8.88811E+12,Vegetarian Mushroom Flavour,80.00,80 ,80 ,80 ,80 ,80 g,80 g,#REF!,100g,430,kcal,14,g,6.5,g,65.1,g,4.6,g,10.7,g,6.025,g,2.41,g
9.55604E+12,Ayam Tuna Chunks In Water,150.00,150 ,150 ,150 ,150 ,150 g,150 g,#REF!,100g,108,kcal,0.8,g,0.3,g,0.3,g,0,g,24.9,g,0.86106,g,0.344424,g
8.88501E+12,Chocolate Crispy,60.00,60 ,60 ,60 ,60 ,60 g,60 g,#REF!,100g,172,kcal,7.75,g,4.2,g,23.75,g,20.86,g,1.62,g,0.14732,g,0.058928,g
618762,Cherry Genoa Cake,450.00,450,450,450,450,450g,450g,#REF!,100g,1391,kcal,10.3,g,5.8,g,54.1,g,42.6,g,4.1,g,0.25,g,0.1,g
5.0195E+12,Quorn Vegan Fillets,252.00,252,252m(4pcs)/pkt,252m(4pcs)/pkt,252m(4pcs)/pkt,252gm(4pcs)/pkt,252gm(4pcs)/pkt,#REF!,100g,103,kcal,2,g,0.9,g,2.7,g,0.6,g,15.2,g,0.6,g,0.24,g
8.8882E+12,Sencha Japanese Green Tea,500.00,500 ,500 ,500 ,500 ,500 ,500 ml,#REF!,100g,0,kcal,0,g,0,g,0,g,0,g,0,g,0.028000001,g,0.0112,g
8.7141E+12,Magnum Intense Dark,74.00,74,74  (100 ),74  (100 ),74  (100 ),74 g (100 ),74 g (100 ml),#REF!,100g,324,kcal,22,g,15,g,25,g,22,g,4.4,g,0.1,g,0.04,g
9.55519E+12,Eclipse chewg mint's spearmint flavour,100.00,100,2,2,2,2,2,#REF!,100g,397,kcal,4.3,g,0,g,91.8,g,77.1,g,0,g,0.001,g,0.0004,g
4.3116E+12,"Stangenspargel weiß, geschält ganze Stangen",205.00,205,205,205,205,205g,205g,#REF!,100g,15,kcal,0.1,g,0,,1.3,g,1.2,g,18,g,1,g,0.4,g
5.00017E+12,Digestives The original,400.00,400,400,400,400,400g,400g,#REF!,100g,483,kcal,21.3,g,10.1,g,63.6,g,15.1,g,7,g,1.275,g,0.51,g
8.00092E+12,Magnum Almond,86.00,86,86  (120 ),86  (120 ),86  (120 ),86 g (120 ),86 g (120 ml),#REF!,100g,332,kcal,21,g,13,g,30,g,27,g,4.9,g,0.16,g,0.064,g
9.55602E+12,Real Mayonnaise,3000.00,3000,3it/tub,3lit/tub,3lit/tub,3lit/tub,3lit/tub,#REF!,100g,650,kcal,69.4,g,11.6,g,5.4,g,5,g,0.9,g,1905,g,762,g
8.88828E+12,Nissin Ramen Tokyo Shoyu Flavour,110.00,110 ,110 ,110 ,110 ,110 g,110 g,#REF!,100g,450,kcal,19.6,g,9.7,g,59.4,g,5.2,g,9.8,g,6.5024,g,2.60096,g
4.80036E+12,Nestlé Milo Breakfast Cereal,500.00,500 ,500 ,500 ,500 ,500 g,500 g,#REF!,100g,363,kcal,2.9,g,1.2,g,76,g,29.2,g,8,g,0.381,g,0.1524,g
5.00012E+12,Tesco Set Honey,454.00,454,454,454,454,454g,454g,#REF!,100g,326,kcal,0.1,g,0.1,g,81,g,81,g,0.5,g,0.1,g,0.04,g
8.8882E+12,The glacé citron miel,500.00,500,0.5 ,0.5 l,0.5 l,0.5 l,0.5 l,#REF!,100g,36,kcal,0,g,0,g,8,g,8,g,0,g,0.13,g,0.052,g
8.8882E+12,Ice Passion Fruit Tea,500.00,500 ,500 ,500 ,500 ,500 ,500 ml,#REF!,100g,36,kcal,0,g,0,g,9,g,9,g,0,g,0.05,g,0.02,g
3.04692E+12,Excellence Mint Intense Dark,100.00,100,100  e,100  e,100  e,100 g e,100 g e,#REF!,100g,529,kcal,32,g,19,g,51,g,49,g,6.3,g,0.03,g,0.012,g
7.3004E+12,SANDWICH TOMAT &BASILIKA,40.00,40 ,40 ,40 ,40 ,40 g,40 g,#REF!,100g,479,kcal,23,g,8,g,53.5,g,5,g,12,g,1.25,g,0.5,g
9.55612E+12,Butter Crackers,250.00,250,250,250,250,250g,250g,#REF!,100g,12,kcal,12,g,6,g,13,g,1,g,9,g,4,g,1.6,g
8.7121E+12,Mini double peanut butter,300.00,300 ,300 ,300 ,300 ,300 g,300 g,#REF!,100g,346,kcal,22,g,14,g,32,g,27,g,4.3,g,0.36,g,0.144,g
3.19924E+12,Beurre Demi Sel Echire,100.00,100,100,100,100,100g,100g,#REF!,100g,720,kcal,80,g,58,g,0.5,g,0.5,g,0.5,g,0,g,0,g
8.0005E+12,Kinder Happy Hippo,103.50,103.5,20.7 x 5 = 103.5,20.7 x 5 = 103.5,20.7 x 5 = 103.5,20.7g x 5 = 103.5g,20.7g x 5 = 103.5g,#REF!,100g,593,kcal,38.6,g,17.6,g,53.6,g,45.1,g,6.7,g,0.264,g,0.1056,g
8.85102E+12,Pocky Chocolate Flavour,49.00,49 ,49 ,49 ,49 ,49 g,49 g,#REF!,100g,489,kcal,20,g,0,g,69,g,39,g,8.2,g,0.5,g,0.2,g
9.30066E+12,Thick & Creamy Caramelised Fig Yoghurt,600.00,600,600,600,600,600g,600g,#REF!,100g,132.67,kcal,6.33,g,4.13,g,15.13,g,14.53,g,3.73,g,0.09652,g,0.038608,g
8.88892E+12,Young coconut juice,500.00,500,500,500,500,500,500ml,#REF!,250ml,55,kcal,0.3,g,0,g,13,g,12.3,g,0,g,0.125,g,0.05,g
50390182,Fisherman's Friend Blackcurrant,25.00,25 ,25 ,25 ,25 ,25 g,25 g,#REF!,1g,4,kcal,0.1,g,0.1,g,1.3,g,0.1,g,0.1,g,0.0025,g,0.001,g
50819355,Fisherman's Friend original,25.00,25 ,25 ,25 ,25 ,25 g,25 g,#REF!,1g,5,kcal,0.1,g,0.1,g,1.2,g,1.2,g,0.1,g,0.0025,g,0.001,g
28400025577,Tostitos Flavored tortilla chips,283.50,283.5 ,283.5 ,283.5 ,283.5 ,283.5 g,283.5 g,#REF!,28g,150,kcal,7,g,1,g,18,g,1,g,2,g,0.3302,g,0.13208,g
4.00224E+12,Pfefferonen,300.00,300,300,300,300,300g,300g,#REF!,100g,27,kcal,0.5,g,0.1,g,2.4,g,0.2,g,1.4,g,5.2,g,2.08,g
74880030709,Golden curry sauce mix,220.00,220 ,220 ,220 ,220 ,220 g,220 g,#REF!,100g,90,kcal,5,g,3,g,9,g,2,g,1,g,2,g,0.8,g
8.80106E+12,Lotte Kokal Corn Snack (sweet & Spicy Flavour),72.00,72,72,72,72,72g,72g,#REF!,100g,410,kcal,25,g,8,g,42,g,5,g,4,g,0.42,g,0.168,g
84114030702,Potato chips honey dijon,142.00,142,142,142,142,142g,142g,#REF!,100g,536,kcal,32.14,g,3.57,g,57.14,g,3.57,g,7.14,g,1.25,g,0.5,g
8.85193E+12,Cornetto Royale Strawberry,88.00,88,88,88,88,88g,88g,#REF!,100g,230,kcal,8,g,8,g,35,g,22,g,4,g,0.1524,g,0.06096,g
8.69281E+12,Chocopaye Bitter,300.00,300,12 pcs,12 pcs,12 pcs,12 pcs,12 pcs,#REF!,1 pc,80.406,kcal,3.294,g,1.638,g,11.628,g,6.84,g,0.828,g,0.036,g,0.0144,g
8.7141E+12,Mini almond,276.00,276 ,276 ,276 ,276 ,276 g,276 g,#REF!,100g,282,kcal,17,g,11,g,27,g,24,g,3.9,g,0.11,g,0.044,g
9.31004E+12,Natural set yogurt,470.00,470 ,470 ,470 ,470 ,470 g,470 g,#REF!,100g,57,kcal,1.6,g,0.9,g,6.5,g,5.2,g,4.1,g,0.1524,g,0.06096,g
8.8882E+12,Thé Vert Au Jasmin En Bouteille,500.00,500 ,500 ,500 ,500 ,500 ,500 ml,#REF!,100g,24,kcal,0,g,0,g,6,g,6,g,0,g,0.02,g,0.008,g
8.93468E+12,Oreo wafer roll,54.00,54,54,54,54,54g,54g,#REF!,100g,487,kcal,19.39999962,g,10.19999981,g,72.30000305,g,43.40000153,g,5.800000191,g,0,g,0,g
8.8882E+12,Ovaltine,500.00,500,500,500,500,500,500ml,#REF!,250ml,140,kcal,4,g,2,g,27,g,19,g,3,g,0.245,g,0.098,g
8.42694E+12,Chips Aromatisées à La Truffe Noire,125.00,125 ,125 ,125 ,125 ,125 g,125 g,#REF!,100g,588,kcal,44,g,27,g,41,g,0.5,g,5,g,1.5,g,0.6,g
8.8882E+12,Natsbee Honey Yuzu,1500.00,1500,1.5 ,1.5 ,1.5 L,1.5 L,1.5 L,#REF!,250ml,90,kcal,0,g,0,g,22.3,g,20,g,0,g,0.08382,g,0.033528,g
9.55549E+12,Yogurt Strawberries,700.00,700 ,700 ,700 ,700 ,700 g,700 g,#REF!,100g,59.6,kcal,1.2,g,0.5,g,10,g,9.4,g,2.2,g,0,g,0,g
14285001010,Banana Sauce,550.00,550 ,550 ,550 ,550 ,550 g,550 g,#REF!,100g,30,kcal,0,g,0,g,23,g,20,g,0,g,1.700000048,g,0.680000019,g
8.00313E+12,Chips Saveur Gingembre,150.00,150 ,150 ,150 ,150 ,150 g,150 g,#REF!,100g,499,kcal,26,g,9,g,58,g,4.1,g,6.2,g,1.5,g,0.6,g
8.85003E+12,Velvet Coconut Milk Drink Original,1000.00,1000,1 ,1 l,1 l,1 l,1 l,#REF!,100g,70,kcal,3.5,g,3,g,9,g,7,g,1,g,0.349999994,g,0.139999998,g
84501244316,Khong Guan Lemon Puff Biscuits,200.00,200 ,200 ,200 ,200 ,200 g,200 g,#REF!,100g,515,kcal,28.6,g,17.2,g,17.1,g,17.1,g,5.7,g,1.36,g,0.544,g
4.71987E+12,soya paper,70.00,70,70,70,70,70g,70g,#REF!,100g,443,kcal,19.8,g,3,g,9.5,g,0.9,g,52.3,g,0.6731,g,0.26924,g
4.0326E+12,Semmel Knödel,200.00,200 ,200 ,200 ,200 ,200 g,200 g,#REF!,100g,138,kcal,3.68,g,2.11,g,23.2,g,0.42,g,3.68,g,0,g,0,g
9.55559E+12,Coke Light 325ML,320.00,320 ,320 ,320 ,320 ,320 ,320 ml,#REF!,100g,0,kcal,0,g,0,g,0,g,0,g,0,g,0.006,g,0.0024,g
8.99704E+12,Pocari Sweat,500.00,500 ,500 ,500 ,500 ,500 ,500 ml,#REF!,100g,24,kcal,0,g,0,g,5.9,g,5.9,g,0,g,0.0001075,g,0.000043,g
51500255308,Omega3 creamy peanut butter,454.00,454,454,454,454,454g,454g,#REF!,100g,575.7575758,kcal,48.48484848,g,10.60606061,g,24.24242424,g,9.090909091,g,21.21212121,g,1.022727273,g,0.409090909,g
2E+12,Roasted Seaweed,50.00,50,50 sheets,50 sheets,50 sheets,50 sheets,50 sheets,#REF!,100g,241,kcal,1.1,g,1.1,g,22.5,g,0,g,26.7,g,1.9,g,0.76,g
8.88812E+12,Ripe Orange,1000.00,1000,1 ,1 l,1 l,1 l,1 l,#REF!,250ml,90,kcal,0,g,0,g,21.8,g,20.5,g,1,g,0.0381,g,0.01524,g
8.8882E+12,Pokka Earl Grey Milk Tea,500.00,500,500,500,500,500,500ml,#REF!,250ml,98,kcal,1.8,g,1.3,g,18.8,g,17,g,1.5,g,0.10922,g,0.043688,g
8.02427E+12,Aceto Balsamico Modena I.G.P.,500.00,500 ,500 ,500 ,500 ,500 ,500 ml,#REF!,100g,110,kcal,0,g,0,g,29,g,23,g,0,g,0,g,0,g
4.90131E+12,Rice Snack Ume & Shiso,182.00,182 ,182 ,182 ,182 ,182 g,182 g,#REF!,100g,465,kcal,17.5,g,3.8,g,64.1,g,38.6,g,13.1,g,2,g,0.8,g
8.8882E+12,Wang Kopi,500.00,500 ,500 ,500 ,500 ,500 ,500 ml,#REF!,100g,40,kcal,0.4,g,0.3,g,8,g,6.3,g,1,g,0.13462,g,0.053848,g
9.55587E+12,Blueberry goji coconut,250.00,250 ,250 ,250 ,250 ,250 g,250 g,#REF!,100g,469,kcal,16.60000038,g,5.300000191,g,69.90000153,g,19.70000076,g,10.10000038,g,1.700000048,g,0.680000019,g
9.55706E+12,Sweet potato,130.00,130 ,130 ,130 ,130 ,130 g,130 g,#REF!,100g,473,kcal,21.3,g,9.8,g,62,g,8,g,5.2,g,0.92964,g,0.371856,g
15854245,paris Singapour tea,375.00,375,"37,5 r","37,5 r","37,5 r","37,5 gr","37,5 gr",#REF!,375 gr,0,kcal,0,g,0,g,0,g,0,g,0,g,0,g,0,g
8.8882E+12,Houjicha,1500.00,1500,1.5 ,1.5 l,1.5 l,1.5 l,1.5 l,#REF!,100g,0,kcal,0,g,0,g,0,g,0,g,0,g,0.02,g,0.008,g
6.92024E+12,Kimchi,120.00,120 ,120 ,120 ,120 ,120 g,120 g,#REF!,100g,421,kcal,15,g,8.300000191,g,63.29999924,g,1.700000048,g,8.300000191,g,2.099999905,g,0.839999962,g
8.88808E+12,Nescafé Original 3 in 1,665.00,665,35x 19,35x 19,35x 19,35x 19g,35x 19g,#REF!,100g,41,kcal,1.1,g,0,g,7.6,g,5.9,g,0.2,g,0,g,0,g
7.03901E+12,Stabburet Stabbur-Makrell,170.00,170 ,170 ,170 ,170 ,170 g,170 g,#REF!,100g,256,kcal,21,g,3.5,g,3,g,2.9,g,13,g,1,g,0.4,g
8.88827E+11,Pineapple Juice,350.00,350 ,350 ,350 ,350 ,350 ,350 ml,#REF!,350ml,158,kcal,0,g,0,g,37.5,g,32.9,g,1.1,g,0.0635,g,0.0254,g
9.55559E+12,Pulpy,1500.00,1500,1.5 ,1.5 ,1.5 L,1.5 L,1.5 L,#REF!,100g,43,kcal,0,g,0,g,10.6,g,9.3,g,0,g,0.03048,g,0.012192,g
8.8882E+12,Natsbee Honey Lemon,500.00,500 ,500 ,500 ,500 ,500 ,500 ml,#REF!,100g,38,kcal,0,g,0,g,9.5,g,9,g,11,g,0,g,0,g
8.88647E+12,Pringles sour cream & onion,147.00,147,147,147,147,147,147,#REF!,28g,150,kcal,9,g,3,g,15,g,1,g,1,g,0.45,g,0.18,g
6.92024E+12,Shin Ramyun Noodle Soup,120.00,120 ,120 ,120 ,120 ,120 g,120 g,#REF!,100g,420,kcal,13.4,g,6.9,g,66.3,g,1.8,g,8.5,g,1,g,0.4,g
8.88809E+12,Extra Smooth Silken Tofu,300.00,300 ,300 ,300 ,300 ,300 g,300 g,#REF!,100g,58,kcal,2.9,g,0.5,g,2.7,g,1.1,g,5.3,g,0.00762,g,0.003048,g
8.41016E+12,Capers in vinegar,60.00,60 ,60 ,60 ,60 ,60 g,60 g,#REF!,100g,32,kcal,0.5,g,0.1,g,5.4,g,0,g,2,g,5.6,g,2.24,g
8.7112E+12,Hühner Kraftbouillion,88.00,88,88,88,88,88g,88g,#REF!,100g,3,kcal,0.5,g,0.1,g,0.6,g,0.5,g,0.5,g,1,g,0.4,g
8.8882E+12,Premium milk coffee,500.00,500 ,500 ,500 ,500 ,500 ,500 ml,#REF!,100g,34,kcal,0.6,g,0.5,g,4.3,g,4.3,g,0.8,g,0.045,g,0.018,g
9.55518E+12,Extra Virgin Coconut Oil,500.00,500 ,500 ,500 ,500 ,500 ,500 ml,#REF!,100g,898,kcal,99.8,g,94.5,g,0.1,g,0,g,0,g,0.00000076,g,0.000000304,g
8.888E+12,Ayataka Japanese green tea,500.00,500 ,500 ,500 ,500 ,500 ,500 ml,#REF!,250ml,0,kcal,0,g,0,g,0,g,0,g,0,g,0.06,g,0.024,g
8.88819E+12,Bamboo shoots,300.00,300 ,300 ,300 ,300 ,300 g,300 g,#REF!,130g,25,kcal,0,g,0,g,3,g,1,g,1,g,0.0381,g,0.01524,g
4.71015E+12,C&C Orange,500.00,500 ,500 ,500 ,500 ,500 ,500 ml,#REF!,100g,40,kcal,0,g,0,g,10,g,10,g,0,g,0.04064,g,0.016256,g
8.88803E+12,Baked walnuts,150.00,150 ,150 ,150 ,150 ,150 g,150 g,#REF!,100g,663,kcal,56.1,g,5,g,22,g,3,g,17.5,g,0,g,0,g
9.5564E+12,Pepsi Black,320.00,320 ,320 ,320 ,320 ,320 ,320 ml,#REF!,100g,0,kcal,0,g,0,g,0,g,0,g,0,g,20.32,g,8.128,g
8.8882E+12,POKKA Grape Tea,500.00,500,0.5 ,0.5 l,0.5 l,0.5 l,0.5 l,#REF!,250ml,60,kcal,0,g,0,g,15,g,15,g,0,g,0.02,g,0.008,g
28400017053,Cheddar & sour cream,185.00,185,6.5 oz,6.5 oz,6.5 oz,6.5 oz,6.5 oz,#REF!,100g,160,kcal,10,g,1.5,g,15,g,1,g,2,g,0.45,g,0.18,g
6.13326E+12,Dates,1000.00,1000,1 k,1 k,1 k,1 kg,1 kg,#REF!,100g,300,kcal,0.2,g,0,g,68,g,68,g,3.3,g,0,g,0,g
9.55604E+12,White Pearl Barley,450.00,450 ,450 ,450 ,450 ,450 g,450 g,#REF!,100g,373,kcal,1.7,g,0,g,76,g,0,g,10,g,0,g,0,g
8.88844E+12,Dan Delion Soft Spread,400.00,400 ,400 ,400 ,400 ,400 g,400 g,#REF!,100g,540,kcal,0,g,12,g,0.200000003,g,0.200000003,g,0.300000012,g,1,g,0.4,g
9.5564E+12,Pitch Black,400.00,400 ,400 ,400 ,400 ,400 ,400 ml,#REF!,100g,50,kcal,1.5,g,0,g,12.4,g,12.4,g,0,g,0.01524,g,0.006096,g
8.888E+12,Paraths Plain,1300.00,1300 ,1300 ,1300 ,1300 ,1300 g,1300 g,#REF!,100g,321,kcal,4.2,g,11.4,g,37.8,g,3.9,g,6.1,g,1.19,g,0.476,g
4.90133E+12,Crispy potato Hot and spicy,80.00,80 ,80 ,80 ,80 ,80 g,80 g,#REF!,15g,85,kcal,0,g,3,g,8,g,2,g,1,g,0.125,g,0.05,g
8.88803E+12,100% Purple Veggie Mixed Fruits Juice,1000.00,1000,1 ,1 l,1 l,1 l,1 l,#REF!,100g,47,kcal,0.6,g,0,g,11.5,g,10.7,g,0.2,g,0.00002032,g,0.000008128,g
4.71009E+12,Milk Tea Drink,600.00,600 ,600 ,600 ,600 ,600 ,600 ml,#REF!,100g,37,kcal,2.5,g,0.5,g,7.4,g,7,g,0.5,g,0.0254,g,0.01016,g
8.8882E+12,Berries Mixed Juice Drink with Organic Chia Seeds,1000.00,1000,1,1l,1l,1l,1l,#REF!,100g,43,kcal,0,g,0,g,9.9,g,8.3,g,0.2,g,0.02032,g,0.008128,g
8.88803E+12,100% Juice Orange,1000.00,1000,1 ,1 ,1 L,1 L,1 L,#REF!,100g,38,kcal,0,g,0,g,9,g,8.9,g,0.5,g,0.00508,g,0.002032,g
8.8882E+12,Barley Juice,1000.00,1000,1,1,1L,1L,1L,#REF!,100g,28,kcal,1.2,g,0,g,7,g,6,g,0,g,0.00508,g,0.002032,g
9.31722E+12,Tortillas original,576.00,576 ,576 ,576 ,576 ,576 g,576 g,#REF!,100g,299,kcal,0,g,4.4,g,45.7,g,5.6,g,7.8,g,1.1,g,0.44,g
8.8882E+12,Guava drink,250.00,250 ,250 ,250 ,250 ,250 ,250 ml,#REF!,100g,45,kcal,3,g,0,g,11.2,g,11.2,g,0,g,0.01524,g,0.006096,g
8.88803E+12,Thai Brown Unpolished Rice,2500.00,2500,2.5 k,2.5 k,2.5 k,2.5 kg,2.5 kg,#REF!,100g,352,kcal,99.3,g,0.9,g,73.6,g,1,g,7.6,g,7.62E-09,g,3.048E-09,g
8.88801E+12,Pure Ghee,400.00,400 ,400 ,400 ,400 ,400 g,400 g,#REF!,100g,894,kcal,1,g,73,g,0,g,0,g,0,g,0,g,0,g
8.8875E+12,Hon Mirin,320.00,320 ,320 ,320 ,320 ,320 ,320 ml,#REF!,100g,275,kcal,0,g,0,g,48.8,g,41.1,g,0.5,g,0.00254,g,0.001016,g
8.8882E+12,Pokka Premium Milk Coffee,250.00,250,250,250,250,250,250ml,#REF!,100g,42,kcal,0,g,0.52,g,7.92,g,7.12,g,1,g,0.115,g,0.046,g
8.8882E+12,Lo fat hi cal milk with oats,1000.00,1000,1 ,1 l,1 l,1 l,1 l,#REF!,100g,51,kcal,9.3,g,0.699999988,g,9.300000191,g,9.300000191,g,2.799999952,g,0.039999999,g,0.016,g
4.89451E+12,Hot & Spicy Potato Chips,60.00,60 ,60 ,60 ,60 ,60 g,60 g,#REF!,100g,509,kcal,0.9,g,11.3,g,56.2,g,2,g,7.7,g,0.9906,g,0.39624,g
8.885E+12,Oolong Bubble Tea,450.00,450 ,450 ,450 ,450 ,450 ,450 ml,#REF!,100g,44,kcal,11.6,g,0.7,g,8,g,6.6,g,0.6,g,0.1143,g,0.04572,g
8.88808E+12,Plain Crackers,832.00,832 ,832 ,832 ,832 ,832 g,832 g,#REF!,100g,440,kcal,0,g,5.8,g,74,g,1.8,g,10,g,0.504,g,0.2016,g
8341778,Natsbee,500.00,500,0.5 ,0.5 ,0.5 L,0.5 L,0.5 L,#REF!,100g,32,kcal,0.2,g,0,g,8,g,7.3,g,0,g,0.03302,g,0.013208,g
8.88844E+12,Premium chocolate milk,1000.00,1000,1,1,1L,1L,1L,#REF!,100g,20,kcal,2.2,g,0.7,g,9.9,g,1.2,g,3.5,g,0.7,g,0.28,g
7.501E+12,Salsa guacamole frasco 240 g,240.00,240 ,240 ,240 ,240 ,240 g,240 g,#REF!,15 g,98.4,kcal,1,g,0.3,g,0.8,g,0.4,g,0.1,g,0.245,g,0.098,g
8.88809E+12,Japanese Silken Tofu,300.00,300 ,300 ,300 ,300 ,300 g,300 g,#REF!,100g,58,kcal,0,g,0.6,g,2.7,g,1.1,g,5.3,g,0.00762,g,0.003048,g
8.8882E+12,Pokka Jasmine Green Tea 1.5L,1500.00,1500,1.5,1.5,1.5L,1.5L,1.5L,#REF!,100g,18,kcal,29,g,0,g,4.6,g,4.6,g,0,g,0.02,g,0.008,g
8.00271E+12,Grana Padano,200.00,200 ,200 ,200 ,200 ,200 g,200 g,#REF!,100g,398,kcal,8.6,g,18,g,0,g,0,g,33,g,1.475,g,0.59,g
4.89703E+12,Powdered Walnut Dessert,140.00,140,4 x 35,4 x 35,4 x 35,4 x 35g,4 x 35g,#REF!,100g,397,kcal,2.1,g,2.4,g,74.6,g,35.7,g,9.7,g,1.35,g,0.54,g
9.30064E+12,Full Cream Milk,1000.00,1000,1 ,1 l,1 l,1 l,1 l,#REF!,100g,62,kcal,27,g,2.3,g,4.6,g,4.6,g,3.3,g,0.1143,g,0.04572,g
8.00038E+12,Minis Vanille,200.00,200 ,200 ,200 ,200 ,200 g,200 g,#REF!,100g,519,kcal,19,g,23.4,g,61.2,g,30.5,g,7.8,g,0.159,g,0.0636,g
9.55644E+12,Crackers,322.00,322 ,322 ,322 ,322 ,322 g,322 g,#REF!,100g,470,kcal,3.5,g,9,g,67,g,14,g,8,g,1.4224,g,0.56896,g
9.55525E+12,Biscuit Sakima,150.00,150 ,150 ,150 ,150 ,150 g,150 g,#REF!,100g,530,kcal,1.28,g,13,g,61,g,10,g,5,g,0.4064,g,0.16256,g
9.30065E+12,Bolognese with mushrooms,500.00,500 ,500 ,500 ,500 ,500 g,500 g,#REF!,100g,52.16,kcal,3.6,g,0.16,g,7.52,g,5.04,g,1.76,g,0.884,g,0.3536,g
5.00044E+12,Cream of Mushroom Soup,400.00,400 ,400 ,400 ,400 ,400 g,400 g,#REF!,100g,58,kcal,2.8,g,0.7,g,5,g,1,g,1.3,g,0.5,g,0.2,g
8.8882E+12,Premium Milk Tea,500.00,500,500,500,500,500,500ml,#REF!,100g,42,kcal,0,g,0.52,g,8.32,g,7.6,g,0.6,g,0.053,g,0.0212,g
8.88803E+12,Tropical Fruits,1000.00,1000,1 ,1 l,1 l,1 l,1 l,#REF!,100g,44,kcal,8,g,0,g,10.80000019,g,10.60000038,g,0.100000001,g,2,g,0.8,g
8.88826E+12,Traditional Sesame Paste Powder,150.00,150 ,150 ,150 ,150 ,150 g,150 g,#REF!,50g,240,kcal,0.5,g,1,g,38,g,0.03,g,0.003,g,0,g,0,g
8.88814E+12,Mushrooms (Choice whole),180.00,180 ,180 ,180 ,180 ,180 g,180 g,#REF!,100g,16,kcal,10.8,g,0,g,3,g,2,g,1,g,0.00064516,g,0.000258064,g
9.31008E+12,Beurre,454.00,454 ,454 ,454 ,454 ,454 g,454 g,#REF!,100g,310,kcal,90.6,g,4.9,g,1,g,1,g,1,g,0.72,g,0.288,g
8.41066E+12,Extra virgin olive oil,1500.00,1500,1.5 ,1.5 ,1.5 L,1.5 L,1.5 L,#REF!,100g,815,kcal,1.1,g,12.3,g,0,g,0,g,0,g,0,g,0,g
8.90406E+12,Mysore Dal Skin Lentils,500.00,500 ,500 ,500 ,500 ,500 g,500 g,#REF!,100g,353,kcal,8.4,g,0.2,g,60.1,g,2,g,25.8,g,0.01524,g,0.006096,g
8.99335E+12,Fresh milk,1890.00,1890 ,1890 ,1890 ,1890 ,1890 ,1890 ml,#REF!,236ml,148,kcal,12.93103448,g,5.9,g,11.1,g,11.1,g,7.2,g,2.0025E-07,g,8.01E-08,g
4.71301E+12,Tseng noodles,464.00,464 ,464 ,464 ,464 ,464 g,464 g,#REF!,100g,12.93103448,kcal,1.2,g,1.724137931,g,55.17241379,g,3.448275862,g,11.20689655,g,2.909482759,g,1.163793103,g
8.88635E+12,Bread Flour Unbleached,1000.00,1000,1 k,1 k,1 k,1 kg,1 kg,#REF!,100g,340,kcal,25.9,g,0.2,g,69.1,g,1.5,g,13.1,g,7.62E-12,g,3.048E-12,g
93682978,M & m Peanut M & MS 40 GR,40.00,40,40,40,40,40g,40g,#REF!,100g,506,kcal,1.4,g,10.1,g,58.9,g,51.8,g,9.9,g,0.0045,g,0.0018,g
5.0604E+12,M&m's,350.00,350 ,350 ,350 ,350 ,350 ,350 ml,#REF!,100g,63,kcal,7,g,1,g,9.7,g,9.2,g,2.7,g,0.18,g,0.072,g
8.85102E+12,Calbee prawn cracker,90.00,90 ,90 ,90 ,90 ,90 g,90 g,#REF!,30g,150,kcal,1,g,3,g,19,g,1,g,2,g,0.0006604,g,0.00026416,g
9.33046E+12,Turkish Apple & Cinammon sugar tisane,250.00,250 ,250 ,250 ,250 ,250 g,250 g,#REF!,100g,12,kcal,6.8,g,1,g,2.9,g,2.8,g,1,g,5,g,2,g
9.30068E+12,m&m's crispy,34.00,34,34,34,34,34g,34g,#REF!,32g,165,kcal,3,g,4.1,g,23.9,g,20.7,g,1.6,g,0.11176,g,0.044704,g
8.8882E+12,Pokka Cappuchina Coffee,500.00,500,500,500,500,500,500ml,#REF!,250ml,110,kcal,4,g,2,g,19,g,16,g,2,g,0.1575,g,0.063,g
4.89103E+12,Vitasoy,375.00,375,375,375,375,375,375ml,#REF!,375ml,156,kcal,3.3,g,0,g,24,g,24,g,6,g,0.16,g,0.064,g
9.556E+12,Milo nuggets,15.00,15 ,15 ,15 ,15 ,15 g,15 g,#REF!,15g,73,kcal,0,g,1,g,9,g,7.4,g,1.4,g,0.04,g,0.016,g
8.90208E+12,Tropicana Goyave,200.00,200,200,200,200,200,200ml,#REF!,100g,57,kcal,3.4,g,0,g,14,g,13,g,0,g,0,g,0,g
8.88844E+12,Pure milk,1000.00,1000,1 ,1 l,1 l,1 l,1 l,#REF!,100g,63,kcal,0.1,g,2.3,g,5,g,5,g,3.1,g,0.000000055,g,0.000000022,g
5.4006E+12,Set Honey,500.00,500 ,500 ,500 ,500 ,500 g,500 g,#REF!,100g,320,kcal,0,g,0,g,79.3,g,79.3,g,0.5,g,0,g,0,g
8.8882E+12,100 Plus Zero Sugar,500.00,500 ,500 ,500 ,500 ,500 ,500 ml,#REF!,250ml,0,kcal,20.93,g,0,g,0,g,0,g,0,g,0.1,g,0.04,g
6.39372E+11,Peanut butter crunch,30.00,30,30,30,30,30g,30g,#REF!,100g,453,kcal,0,g,10.47,g,30.23,g,11.63,g,34.88,g,0.785,g,0.314,g
8295663900,Organic apple cider vinegar,500.00,500,500,500,500,500,500ml,#REF!,100g,6.666666667,kcal,21.43,g,0,g,0,g,0,g,0,g,0,g,0,g
8.58641E+11,Veggie Chips,28.00,28,28,28,28,28g,28g,#REF!,100g,464,kcal,12,g,1.79,g,64.29,g,3.57,g,3.57,g,1.6075,g,0.643,g
6.60727E+11,Protein bar,50.00,50,50,50,50,50g,50g,#REF!,100g,380,kcal,25,g,7,g,44,g,8,g,30,g,0.95,g,0.38,g
8.11961E+11,Coffee cacao power snacks,227.00,227,227,227,227,227g,227g,#REF!,100g,450,kcal,50,g,5,g,50,g,30,g,10,g,0,g,0,g
45300005409,Peanut butter crunchy,462.00,462 ,462 ,462 ,462 ,462 g,462 g,#REF!,100g,625,kcal,21.21212121,g,9.38,g,18.75,g,9.38,g,25,g,0.7938,g,0.31752,g
6.20133E+11,Montanas Chocolate Chip Cookies,220.00,220,220 r,220 r,220 r,220 gr,220 gr,#REF!,100g,484.8484848,kcal,14.55,g,10.60606061,g,69.6969697,g,36.36363636,g,3.03030303,g,1.212121212,g,0.484848485,g
75070350577,Granola with real maple syrup,582.00,582,582,582,582,582,582,#REF!,100g,455,kcal,0.1,g,1.82,g,72.73,g,25.45,g,7.27,g,0.3175,g,0.127,g
81364361846,Nin Jiom Herbal Candy Original,60.00,60 ,60 ,60 ,60 ,60 g,60 g,#REF!,60 g,10,kcal,0,g,0,g,2.4,g,1.9,g,0,g,0.1,g,0.04,g
6.44209E+11,Sirope Original,60.00,60,710/24 F OZ/1PT 8OZ,710/24 F OZ/1PT 8OZ,710/24 FL OZ/1PT 8OZ,710/24 FL OZ/1PT 8OZ,710ml/24 FL OZ/1PT 8OZ,#REF!,100g,350,kcal,10.6,g,0,g,87,g,82,g,0,g,0,g,0,g
3.80002E+12,Kit Kat Chunky White,40.00,40,40,40,40,40g,40g,#REF!,40g,207,kcal,7.1,g,6.1,g,24.5,g,20.9,g,3.2,g,0.13,g,0.052,g
8.88801E+12,Chocolate & Cookies Wholemeal Soft Bun,60.00,60,60,60,60,60g,60g,#REF!,100g,284,kcal,91.59999847,g,5.8,g,44.9,g,12.7,g,10.1,g,0.67564,g,0.270256,g
8.02887E+12,Olio Extra Vergine Di Oliva,1000.00,1000,1it/Botte,1lit/Bottle,1lit/Bottle,1lit/Bottle,1lit/Bottle,#REF!,100g,824,kcal,21.3,g,13,g,0,g,0,g,0,g,0,g,0,g
5.00017E+12,Digestive,500.00,500 ,500 ,500 ,500 ,500 g,500 g,#REF!,100g,481,kcal,0,g,10.1,g,62.9,g,16.6,g,7.2,g,1.3,g,0.52,g
4.9021E+12,Coca cola strawberry,500.00,500.0 ,500.0 ,500.0 ,500.0 ,500.0 ,500.0 ml,#REF!,100g,48,kcal,15,g,0,g,11.6,g,11.6,g,0,g,0,g,0,g
8.41016E+12,Pitted green olives,340.00,340,340,340,340,340g,340g,#REF!,100g,150,kcal,0.2,g,2.3,g,0,g,0,g,0.9,g,3.5,g,1.4,g
4.897E+12,Butter Chicken Paste,100.00,100,3.5 oz/100 ,3.5 oz/100 ,3.5 oz/100 ,3.5 oz/100 g,3.5 oz/100 g,#REF!,100g,250,kcal,0,g,8.2,g,12.5,g,10.7,g,4.1,g,2.9125,g,1.165,g
7.6107E+12,Ricola AppleMint sugar free (1g),45.00,45 ,45 ,45 ,45 ,45 g,45 g,#REF!,1g,0,kcal,7,g,0,g,1,g,0,g,0,g,0,g,0,g
8.85003E+12,Velvet Almond Milk Drink Unsweetened,1000.00,1000,1 ,1 l,1 l,1 l,1 l,#REF!,100g,24,kcal,2.799999952,g,0.200000003,g,0.400000006,g,0,g,0.800000012,g,0.300000012,g,0.120000005,g
8.85867E+12,Germinated Brown Jasmine Rice,1000.00,1000,1 k,1 k,1 k,1 kg,1 kg,#REF!,100g,349,kcal,0,g,0.800000012,g,74.09999847,g,0,g,2.799999952,g,0,g,0,g
27917271651,Vita Fusion,90.00,90,90,90,90,90,90,#REF!,100g,35,kcal,3.5,g,0,g,15,g,6,g,0,g,8,g,3.2,g
8.88825E+12,Enriched chocolate wholemeal cream roll,65.00,65 ,65 ,65 ,65 ,65 g,65 g,#REF!,100g,287,kcal,0,g,4.5,g,47.1,g,10.9,g,7.3,g,0.339,g,0.1356,g
63667511005,Organic fortified soy beverage unsweetened,946.00,946 ,946 ,946 ,946 ,946 ,946 ml,#REF!,100g,40,kcal,5,g,0.5,g,4,g,2,g,8,g,0,g,0,g
8.85902E+12,Coconut water,350.00,350 ,350 ,350 ,350 ,350 ,350 ml,#REF!,100g,22,kcal,3.9,g,0,g,5.5,g,4.6,g,0,g,0.04,g,0.016,g
8.85029E+12,Wasabi Coated Green Peas,180.00,180 ,180 ,180 ,180 ,180 g,180 g,#REF!,30g,140,kcal,1,g,2,g,18,g,4,g,4,g,0.48,g,0.192,g
9.0623E+12,Organic Baby Cereal (Multi Grain),200.00,200,200,200,200,200g,200g,#REF!,100g,378,kcal,0,g,0.6,g,69.7,g,1,g,12.1,g,0.05,g,0.02,g
8.00469E+12,Tagliatell  Nido,500.00,500.0 ,500.0 ,500.0 ,500.0 ,500.0 g,500.0 g,#REF!,100g,353,kcal,0,g,0.3,g,70,g,4,g,14.5,g,0.02,g,0.008,g
8.85016E+12,CocoMax 100% Coconut Water,500.00,500 ,500 ,500 ,500 ,500 ,500 ml,#REF!,100g,20,kcal,3.4,g,0,g,4.9,g,4.4,g,0.5,g,0.02,g,0.008,g
4.89788E+12,Black Garlic Oil Tonkotsu Flavour Ramen,186.00,186 ,186 ,186 ,186 ,186 g,186 g,#REF!,93 g,331,kcal,12.9,g,4.1,g,66.2,g,7.2,g,12.4,g,4.185,g,1.674,g
8.8882E+12,F &N Farmhouse Uht Fresh Milk,1000.00,1000,1 ,1 ,1 L,1 L,1 L,#REF!,100g,64,kcal,10,g,2.2,g,5.2,g,4.7,g,3.2,g,0.1,g,0.04,g
8.88808E+12,Plain crackers with oat,104.00,104 ,104 ,104 ,104 ,104 g,104 g,#REF!,100g,446,kcal,1.1,g,6.5,g,72.8,g,1.3,g,9.7,g,0.488,g,0.1952,g
6.00521E+12,2 country mushroom pies,350.00,350 ,350 ,350 ,350 ,350 g,350 g,#REF!,100g,214,kcal,0,g,6,g,26,g,3.4,g,5.4,g,0.82,g,0.328,g
9.55616E+12,Soy bean milk,1000.00,1000,1 ,1 l,1 l,1 l,1 l,#REF!,100g,50,kcal,4.4,g,0,g,8.1,g,7.8,g,2,g,0,g,0,g
4.80901E+12,Dried Mangoes,200.00,200,200,200,200,200g,200g,#REF!,200g,140,kcal,9.4,g,0,g,35,g,28,g,1,g,0.15,g,0.06,g
3.80002E+12,kit kat chunky peanut butter,14.00,14,14,14,14,14g,14g,#REF!,14g,76,kcal,5,g,2.3,g,7,g,6.3,g,1.5,g,0.09144,g,0.036576,g
8.85102E+12,pocky strawberry,45.00,45,45,45,45,45g,45g,#REF!,45g,222,kcal,3,g,7.8,g,31,g,17.3,g,3.4,g,0.23368,g,0.093472,g
8.85476E+12,Walnut milk,1000.00,1000,1000/bt,1000/btl,1000/btl,1000/btl,1000ml/btl,#REF!,100g,45,kcal,0,g,0.5,g,0,g,0,g,1,g,0.2,g,0.08,g
8.88803E+12,Berries Mixed fruit,200.00,200 ,200 ,200 ,200 ,200 ,200 ml,#REF!,100g,47,kcal,37.5,g,0,g,11.6,g,10.3,g,0.2,g,0,g,0,g
9.31223E+12,Coco2 Hazelnut Spread 240GM,240.00,240,240,240,240,240g,240g,#REF!,100g,360,kcal,2,g,3.2,g,68.7,g,37.4,g,4.6,g,0,g,0,g
8.93602E+12,Ca Phe Sua Da,24.00,24,24,24,24,24g,24g,#REF!,100g,458.3333333,kcal,4.444444444,g,20.83333333,g,58.33333333,g,33.33333333,g,4.166666667,g,1.197916667,g,0.479166667,g
8.8882E+12,Bandung Rose Milk Drink,500.00,500 ,500 ,500 ,500 ,500 ,500 ml,#REF!,250ml,140,kcal,0,g,1.8,g,28.8,g,26.8,g,1.8,g,0.0508,g,0.02032,g
8.88825E+12,Multi grain,400.00,400 ,400 ,400 ,400 ,400 g,400 g,#REF!,100g,237.5,kcal,25,g,0.833333333,g,35.69444444,g,4.027777778,g,13.61111111,g,0.78125,g,0.3125,g
7.6107E+12,Ricola Honey-Lemon Swiss Herb Throat Lozenges,51.00,51 ,51 ,51 ,51 ,51 g,51 g,#REF!,100g,1650,kcal,0,g,0,g,96,g,62,g,0,g,0,g,0,g
4.0111E+12,Choco leibniz,125.00,125,125,125,125,125g,125g,#REF!,100g,505,kcal,2.285714286,g,16,g,61,g,41,g,7.5,g,0.64,g,0.256,g
8.88803E+12,dried pruned,150.00,150 ,150 ,150 ,150 ,150 g,150 g,#REF!,100g,140,kcal,37,g,0,g,33,g,18,g,1,g,0.5,g,0.2,g
9.30066E+12,Petit Miam,70.00,70 ,70 ,70 ,70 ,70 g,70 g,#REF!,100g,305.7142857,kcal,14,g,1.571428571,g,9.571428571,g,7.571428571,g,3.428571429,g,0.110714286,g,0.044285714,g
5.4006E+12,Hazelnut sprea,750.00,750 ,750 ,750 ,750 ,750 g,750 g,#REF!,100g,567,kcal,90.5,g,8.3,g,53,g,52,g,4.4,g,0.1,g,0.04,g
9.31643E+12,Strawberry Yoghurt Coated Muesli bars,138.00,138 ,138 ,138 ,138 ,138 g,138 g,#REF!,100g,405,kcal,6,g,9,g,57,g,26,g,7,g,0.4,g,0.16,g
8.88806E+12,Purple Wheat Noodles (Chilli & Lime Flavor),60.00,60 ,60 ,60 ,60 ,60 g,60 g,#REF!,100g,260,kcal,0,g,1,g,44,g,2,g,7,g,0.61,g,0.244,g
8.88803E+12,Peel Fresh Pink Guava Juice Drink,1000.00,1000,1 ,1 l,1 l,1 l,1 l,#REF!,100g,30,kcal,0,g,0,g,7.6,g,6,g,0,g,0.09906,g,0.039624,g
9.55553E+12,Eau,500.00,500,500,500,500,500,500ml,#REF!,100g,1,kcal,0,g,0,g,0,g,0,g,0,g,0,g,0,g
8.88501E+12,Blackcurrant Less Sweet,200.00,200 ,200 ,200 ,200 ,200 ,200 ml,#REF!,100g,33,kcal,1,g,0,g,8.3,g,7.8,g,0,g,0,g,0,g
8.88803E+12,100% Apple juice,1000.00,1000,1 ,1 l,1 l,1 l,1 l,#REF!,100g,42,kcal,8.3,g,0,g,10.3,g,10.3,g,0.2,g,0,g,0,g
8.8882E+12,Low Fat Milk,1000.00,1000,1 ,1 l,1 l,1 l,1 l,#REF!,100g,49,kcal,1.3,g,1,g,6,g,5,g,4,g,0,g,0,g
9.31004E+12,Low Fat Milk,1000.00,1000,1 ,1 l,1 l,1 l,1 l,#REF!,100g,46,kcal,0,g,9,g,5,g,5,g,3.4,g,0.1016,g,0.04064,g
8.85003E+12,Velvet coconut milk,1000.00,1000,1 ,1 l,1 l,1 l,1 l,#REF!,100g,25,kcal,23,g,1.6,g,1.6,g,1.6,g,0.5,g,0.04,g,0.016,g
8.88803E+12,Harvest Fields Dried Cranberries,150.00,150 ,150 ,150 ,150 ,150 g,150 g,#REF!,40g,0.13,kcal,20.6,g,0,g,34,g,31,g,0,g,0,g,0,g
3.22247E+12,Haricots verts extra-fins,800.00,800 ,800 ,800 ,800 ,800 g,800 g,#REF!,100g,24,kcal,0.4,g,0,g,3,g,0.8,g,1.6,g,0.75,g,0.3,g
3.22247E+12,Mention Bien Chocolat au Lait et aux Noisettes,150.00,150 ,150 ,150 ,150 ,150 g,150 g,#REF!,100g,493,kcal,1,g,13,g,65,g,40,g,6.6,g,0.6,g,0.24,g
8.99276E+12,oreo,133.00,133 ,133 ,133 ,133 ,133 g,133 g,#REF!,100g,489,kcal,16,g,9.9,g,71.3,g,38.2,g,4.56,g,1.32,g,0.528,g
8.8882E+12,Kopi,240.00,240,240,240,240,240,240ml,#REF!,100g,40,kcal,9,g,0.3,g,8,g,6.3,g,1,g,0.13462,g,0.053848,g
8.8882E+12,Teh,240.00,240,240,240,240,240,240ml,#REF!,100g,48,kcal,30.9,g,0.7,g,8.5,g,7,g,1.2,g,0.1143,g,0.04572,g
8.88828E+12,Nissin Cup Noodles Black Pepper Crab Flavour,80.00,80 ,80 ,80 ,80 ,80 g,80 g,#REF!,100g,410,kcal,0.8,g,7.5,g,43.8,g,7.1,g,11.1,g,6.4262,g,2.57048,g
8.691E+12,Orient,50.00,50,50,50,50,50g,50g,#REF!,100g,536.88,kcal,10,g,29.9,g,59.16,g,54.39,g,3.58,g,0.27,g,0.108,g
8.88803E+12,MariGold HL,1000.00,1000,1 ,1 l,1 l,1 l,1 l,#REF!,100g,50,kcal,0.3,g,0.5,g,5.5,g,4.5,g,5,g,0.082,g,0.0328,g
8.8882E+12,Fruit tea,1000.00,1000,1 ,1 l,1 l,1 l,1 l,#REF!,100g,38,kcal,0.1,g,0,g,9.2,g,8.3,g,0.4,g,0.0008,g,0.00032,g
8.80106E+12,Lotte cheese cream filled Pepero,39.00,39 ,39 ,39 ,39 ,39 g,39 g,#REF!,39g,200,kcal,0,g,7,g,26,g,13,g,3,g,0.2667,g,0.10668,g
8.88892E+12,Young coconut juice drink with pulp,310.00,310 ,310 ,310 ,310 ,310 ,310 ml,#REF!,310ml,68,kcal,1.3,g,0,g,16.1,g,15.2,g,0,g,0.16,g,0.064,g
50184934,Marmite Yeast Etract,115.00,115 ,115 ,115 ,115 ,115 g,115 g,#REF!,100g,231,kcal,10,g,0.001,g,19.2,g,0.5,g,38.4,g,10.92,g,4.368,g
8.85037E+12,100% Coconut Water Juice,330.00,330 ,330 ,330 ,330 ,330 ,330 ml,#REF!,330ml,50,kcal,0,g,0,g,13,g,12,g,0,g,0.33,g,0.132,g
9.55686E+12,Pop corn,70.00,70 ,70 ,70 ,70 ,70 g,70 g,#REF!,70g,277,kcal,22,g,0,g,62.6,g,0,g,4,g,0,g,0,g
8.8882E+12,Magnolia Fresh Milk,500.00,500 ,500 ,500 ,500 ,500 ,500 ml,#REF!,250ml,180,kcal,8,g,6,g,13,g,11,g,10,g,0.3125,g,0.125,g
8.8882E+12,100 Plus Orange,500.00,500 ,500 ,500 ,500 ,500 ,500 ml,#REF!,250ml,55,kcal,5.1,g,0,g,14.3,g,13.5,g,0,g,0.2625,g,0.105,g
8.88811E+12,Roasted Almonds Nuts,40.00,40 ,40 ,40 ,40 ,40 g,40 g,#REF!,40g,249,kcal,4.5,g,2,g,3,g,2,g,9,g,0,g,0,g
8.88811E+12,Chilli Tapioca Ikan Bilis,120.00,120 ,120 ,120 ,120 ,120 g,120 g,#REF!,34g,158.5,kcal,4.7,g,0,g,19.5,g,0,g,1.5,g,0.53,g,0.212,g
8.88801E+12,Enriched Cookies and Cream Wholemeal Cream Bun,65.00,65 ,65 ,65 ,65 ,65 g,65 g,#REF!,65g,195,kcal,4.8,g,2.7,g,30.8,g,7.9,g,6.4,g,0.5425,g,0.217,g
8.88801E+12,Enriched Chocolate Wholemeal Cream Bun,65.00,65 ,65 ,65 ,65 ,65 g,65 g,#REF!,65g,183,kcal,4.5,g,2.4,g,29.7,g,6.7,g,6.3,g,0.545,g,0.218,g
8.88801E+12,Enriched Cheese Wholemeal Cream Bun Bun,65.00,65 ,65 ,65 ,65 ,65 g,65 g,#REF!,65g,187,kcal,3.9,g,2.6,g,29.7,g,6.7,g,6.4,g,0.5825,g,0.233,g
8.88801E+12,Enriched Cocoa Hazelnut Wholemeal Cream Bun,65.00,65 ,65 ,65 ,65 ,65 g,65 g,#REF!,65g,196,kcal,4.6,g,2.5,g,31.2,g,9,g,6.8,g,0.635,g,0.254,g
8.88801E+12,Enriched Vanilla Wholemeal Cream Bun,65.00,65 ,65 ,65 ,65 ,65 g,65 g,#REF!,65g,183,kcal,0,g,2.4,g,29.2,g,6.6,g,6.3,g,0.545,g,0.218,g
8.88801E+12,Enriched Blueberry Wholemeal Cream Bun,65.00,65 ,65 ,65 ,65 ,65 g,65 g,#REF!,65g,186,kcal,0,g,2,g,21.5,g,9,g,6.2,g,0.485,g,0.194,g
8.88801E+12,Enriched Strawberry Wholemeal Cream Bun,65.00,65 ,65 ,65 ,65 ,65 g,65 g,#REF!,65g,189,kcal,0,g,2.4,g,30.7,g,9,g,6.2,g,0.505,g,0.202,g
9.31043E+12,Sour patch mixed fruit,90.00,90 ,90 ,90 ,90 ,90 g,90 g,#REF!,100g,358,kcal,0,g,0,g,89.6,g,61.7,g,0,g,0.0825,g,0.033,g
8.8882E+12,Ice Mountain Pure drinking water,600.00,600 ,600 ,600 ,600 ,600 ,600 ml,#REF!,250ml,0,kcal,5,g,0,g,0,g,0,g,0,g,0.00762,g,0.003048,g
8.88803E+12,Peel Fresh Less Sugar Juice Drink - Apple Aloe Vera,250.00,250 ,250 ,250 ,250 ,250 ,250 ml,#REF!,250ml,63,kcal,2,g,0,g,16,g,14,g,0,g,0.1375,g,0.055,g
8.935E+12,Mentos incredible chews grape,45.00,45,45,45,45,45g,45g,#REF!,4g,10,kcal,0.1,g,0,g,3,g,2,g,0,g,0,g,0,g
8.8882E+12,Nutrisoy,250.00,250,250,250,250,250,250ml,#REF!,250ml,160,kcal,5.9,g,1,g,19,g,16,g,11,g,0.0375,g,0.015,g
8.8882E+12,Pokka Mocha Coffee,500.00,500,500,500,500,500,500ml,#REF!,250ml,136,kcal,0.8,g,2,g,25,g,20,g,4,g,0.175,g,0.07,g
9.55635E+12,Dahfa fish snack,30.00,30,30,30,30,30g,30g,#REF!,30g,103,kcal,0.6,g,0,g,16,g,8,g,8,g,1.651,g,0.6604,g
7.62221E+12,Tiger chocolate,60.00,60,60,60,60,60g,60g,#REF!,30g,144,kcal,18.7,g,2,g,21.2,g,7.1,g,1.7,g,0.3302,g,0.13208,g
4.89701E+12,sour skittles,40.00,40,40,40,40,40g,40g,#REF!,40g,79,kcal,36,g,0.5,g,18.4,g,14.9,g,0,g,0.00762,g,0.003048,g
4.89701E+12,original skittles,45.00,45,45,45,45,45g,45g,#REF!,15g,60,kcal,6,g,0.4,g,13.8,g,11.5,g,0,g,0.00508,g,0.002032,g
8.88811E+12,Roasted Cashews,40.00,40 ,40 ,40 ,40 ,40 g,40 g,#REF!,40 g,238,kcal,6,g,3.2,g,8.9,g,3.8,g,9,g,0.175,g,0.07,g
4.90133E+12,Hot & Spicy Potato Chips,80.00,80,80,80,80,80g,80g,#REF!,100g,544,kcal,5.5,g,14.6,g,53.1,g,2.2,g,5.9,g,1.3,g,0.52,g
8.885E+12,roller coaster barbecue,70.00,70,70,70,70,70g,70g,#REF!,18g,100,kcal,20.6,g,3,g,10,g,0,g,1,g,0.2921,g,0.11684,g
8.885E+12,roller coaster cheese,70.00,70,70,70,70,70g,70g,#REF!,18g,100,kcal,13,g,3,g,10,g,0,g,1,g,0.3429,g,0.13716,g
9.556E+12,kit kat bites,40.00,40 ,40 ,40 ,40 ,40 g,40 g,#REF!,40g,104,kcal,17,g,3.5,g,11.5,g,8.9,g,1.7,g,0.04318,g,0.017272,g
8.88808E+12,Yan Yan matcha,44.00,44,44,44,44,44g,44g,#REF!,44g,234,kcal,0,g,4.6,g,25.9,g,11.1,g,3.3,g,0.3048,g,0.12192,g
13256160350,Honey sunflower kernels,35.00,35,35,35,35,35g,35g,#REF!,35g,210,kcal,1.9,g,2,g,12,g,2,g,5,g,0.2413,g,0.09652,g
8.85101E+12,Cherry Berry & Grape Juice,1000.00,1000,1 ,1 l,1 l,1 l,1 l,#REF!,"200 ml, one box",80,kcal,27.2,g,0,g,19,g,19,g,1,g,0.1375,g,0.055,g
8.88803E+12,Yoghurt low fat,1000.00,1000,1 k,1 k,1 k,1 kg,1 kg,#REF!,100g,90,kcal,2,g,1.3,g,13.3,g,0,g,5,g,0.07,g,0.028,g
8.85003E+12,Refresh water melon,1000.00,1000,1 ,1 l,1 l,1 l,1 l,#REF!,100g,90,kcal,5.9,g,0,g,20,g,20,g,1,g,0,g,0,g
8.88803E+12,Processed cheddar cheese,250.00,250 ,250 ,250 ,250 ,250 g,250 g,#REF!,100g,326,kcal,7.3,g,19,g,2.6,g,0.8,g,18.8,g,0.143,g,0.0572,g
5.0604E+12,Milk PMP,350.00,350 ,350 ,350 ,350 ,350 ,350 ml,#REF!,100g,70,kcal,90.9,g,1.3,g,6.5,g,6.1,g,3.2,g,0.24,g,0.096,g
5.0604E+12,Snickers shake,350.00,350 ,350 ,350 ,350 ,350 ,350 ml,#REF!,100g,245,kcal,0,g,4.1,g,60,g,35.6,g,11.4,g,1.02,g,0.408,g
8.88803E+12,Extra Virgin Olive Oil,1000.00,1000,1 ,1 l,1 l,1 l,1 l,#REF!,100g,818,kcal,16.9,g,13.2,g,0,g,0,g,0,g,0,g,0,g
9.55616E+12,Green Tea,1000.00,1000,1 ,1 l,1 l,1 l,1 l,#REF!,100g,21,kcal,0,g,0,g,5.3,g,5.3,g,0,g,0.02286,g,0.009144,g
8.888E+12,Ayataka Japanese Green Sugar,1500.00,1500,1.5 ,1.5 ,1.5 L,1.5 L,1.5 L,#REF!,100g,0,kcal,2,g,0,g,0,g,0,g,0,g,0.02,g,0.008,g
11194362447,Premium Whole Peeled Tomatoes,411.00,411 ,411 ,411 ,411 ,411 g,411 g,#REF!,100g,21,kcal,0.3,g,0,g,3.3,g,2.5,g,0.8,g,0.37846,g,0.151384,g
9.31016E+12,Fusillini,500.00,500 ,500 ,500 ,500 ,500 g,500 g,#REF!,100g,366,kcal,0,g,0,g,72,g,2.5,g,12.5,g,0.03,g,0.012,g
8.00038E+12,Quadratini,220.00,220,220,220,220,220g,220g,#REF!,100g,519,kcal,1.5,g,23,g,62,g,31,g,7.099999905,g,0.41,g,0.164,g
9.55604E+12,Whole Kernel Corn,250.00,250 ,250 ,250 ,250 ,250 g,250 g,#REF!,100g,68,kcal,4.5,g,0.1,g,14,g,5.7,g,2.3,g,0.59182,g,0.236728,g
9.55601E+12,Homesoy soya milk,1000.00,1000,1,1l,1l,1l,1l,#REF!,100g,44,kcal,22.9,g,0.2,g,5.2,g,4.9,g,2.3,g,2.54E-17,g,1.016E-17,g
8.88835E+12,Firm organic tofu,400.00,400 ,400 ,400 ,400 ,400 g,400 g,#REF!,100g,98,kcal,0,g,1.2,g,2.1,g,0,g,12.2,g,0.8,g,0.32,g
9.55524E+12,Poppadoms,35.00,35,35,35,35,35g,35g,#REF!,100g,492,kcal,0,g,16,g,40.1,g,8.9,g,14.3,g,2.825,g,1.13,g
6.94643E+12,Tortilla chips tomato flavour,170.00,170 ,170 ,170 ,170 ,170 g,170 g,#REF!,100g,486,kcal,1.7,g,8.7,g,60.4,g,3.7,g,6.7,g,0.339,g,0.1356,g
16300168340,100% Premium Orange Juice No Pulp,1530.00,1530,1.53 ,1.53 l,1.53 l,1.53 l,1.53 l,#REF!,100g,46,kcal,91.3,g,0,g,11,g,9,g,1,g,0,g,0,g
8.88803E+12,Hi-Calcium Fresh Soya Milk,1000.00,1000,1 ,1 l,1 l,1 l,1 l,#REF!,100g,59,kcal,0,g,0.4,g,7.9,g,5.5,g,3.1,g,0.02032,g,0.008128,g
8.42454E+12,Extra Virgin Olive Oil,1000.00,1000,1 ,1 l,1 l,1 l,1 l,#REF!,100g,822,kcal,0,g,13.3,g,0,g,0,g,0,g,0,g,0,g
8.8882E+12,Ice Blueberry Tea,250.00,250 ,250 ,250 ,250 ,250 ,250 ml,#REF!,100g,24,kcal,0,g,0,g,6,g,6,g,0,g,0.0127,g,0.00508,g
8.88803E+12,Peel Fresh Less Sugar Apple Aloe Vera Juice Drink,1000.00,1000,1 ,1 l,1 l,1 l,1 l,#REF!,100g,25,kcal,10,g,0,g,6.2,g,5.4,g,0,g,0.05588,g,0.022352,g
4.89103E+12,Soya Bean Drink,1000.00,1000,1 ,1 l,1 l,1 l,1 l,#REF!,100g,42,kcal,18.8,g,0.1,g,6.4,g,6.3,g,1.5,g,0.04318,g,0.017272,g
8.8882E+12,Orange Juice,1000.00,1000,1 ,1 l,1 l,1 l,1 l,#REF!,100g,41,kcal,0,g,0,g,9.9,g,8.8,g,0.3,g,0.009,g,0.0036,g
8.85465E+12,Mango wafers,200.00,200 ,200 ,200 ,200 ,200 g,200 g,#REF!,100g,180,kcal,0,g,0,g,20,g,11,g,2,g,0.127,g,0.0508,g
9.55562E+12,Chia wraps,360.00,360 ,360 ,360 ,360 ,360 g,360 g,#REF!,100g,350,kcal,10,g,9.4,g,34.4,g,6.2,g,8.6,g,0.8,g,0.32,g
8.88803E+12,Peel fresh orange juice (less sugar),1000.00,1000,1 ,1 l,1 l,1 l,1 l,#REF!,100g,26,kcal,19,g,0,g,6.2,g,5.5,g,0.2,g,0,g,0,g
8.888E+12,Schweppes Tonic,320.00,320 ,320 ,320 ,320 ,320 ,320 ml,#REF!,100g,37,kcal,1.5,g,0,g,8.9,g,8.9,g,0,g,0.00762,g,0.003048,g
8.7141E+12,Wholegrain Mustard,210.00,210 ,210 ,210 ,210 ,210 g,210 g,#REF!,100g,175,kcal,4.6,g,0,g,9.4,g,6,g,0,g,2.2,g,0.88,g
3.76015E+12,"Goûtine sarrasin fourrée cacao & noisettes bio, sans gluten; Vegan et sans huile de palme",25.00,25 ,25 ,25 ,25 ,25 g,25 g,#REF!,100g,423,kcal,1.5,g,3.5,g,54,g,32,g,6.6,g,0.19,g,0.076,g
7.39438E+12,Oat Drink Chocolate,250.00,250,250,250,250,250,250ml,#REF!,100g,60,kcal,0,g,0.2,g,10,g,7.5,g,1.2,g,0.1524,g,0.06096,g
9.55522E+12,Freshly Baked Sandwich Bread,550.00,550 ,550 ,550 ,550 ,550 g,550 g,#REF!,100g,227,kcal,0.1,g,2.2,g,46,g,4.5,g,12.6,g,0.2032,g,0.08128,g
8.8882E+12,Low Fat Hi Cal Milk,1000.00,1000,1 ,1 l,1 l,1 l,1 l,#REF!,100g,48,kcal,0,g,0.9,g,5,g,4.7,g,3.7,g,0.12,g,0.048,g
8.8882E+12,100plus - 500ML,500.00,500,500,500,500,500,500ml,#REF!,100g,22,kcal,13.7,g,0,g,5.6,g,5.4,g,0,g,0.42,g,0.168,g
8.88803E+12,Youghurt non fat natural,1000.00,1000,1 k,1 k,1 k,1 kg,1 kg,#REF!,100g,49,kcal,0,g,0.1,g,7.1,g,7.1,g,0,g,0.07,g,0.028,g
8.88803E+12,Yoghurt mixed berries,1000.00,1000,1 k,1 k,1 k,1 kg,1 kg,#REF!,100g,75,kcal,35.1,g,0,g,14.7,g,14.7,g,0,g,0.05,g,0.02,g
9.30065E+12,Philadelphia Light+,250.00,250,250,250,250,250g,250g,#REF!,100g,174,kcal,0,g,9.5,g,4.6,g,4,g,8,g,2.6,g,1.04,g
5.70122E+12,Whipping Cream,200.00,200,200 m,200 m,200 mL,200 mL,200 mL,#REF!,100g,338,kcal,2.8,g,22,g,3.4,g,3.3,g,2.2,g,0.03,g,0.012,g
8.8882E+12,Carrot Fruit Juice,250.00,250 ,250 ,250 ,250 ,250 ,250 ml,#REF!,100g,41,kcal,10,g,0,g,10.3,g,9.8,g,0,g,0.0127,g,0.00508,g
8.8882E+12,Natsbee Honey Lemon,250.00,250 ,250 ,250 ,250 ,250 ,250 ml,#REF!,100g,32,kcal,19,g,0,g,8,g,7.3,g,0,g,0.03302,g,0.013208,g
9.31509E+12,Ancient grain flakes,350.00,350,350,350,350,350g,350g,#REF!,100g,397,kcal,5.4,g,0.4,g,79.8,g,10,g,8,g,0.11,g,0.044,g
8.88844E+12,Cream cheese spread,226.80,226.8,8 oz,8 oz,8 oz,8 oz,8 oz,#REF!,100g,100,kcal,2.7,g,6,g,2,g,2,g,0,g,1.05,g,0.42,g
5.41013E+12,Biscoff,312.50,312.5,312.5  (50 x 6.25 ),312.5  (50 x 6.25 ),312.5  (50 x 6.25 ),312.5 g (50 x 6.25 g),312.5 g (50 x 6.25 g),#REF!,100g,481,kcal,9.3,g,8.8,g,72.7,g,38.1,g,4.9,g,0.92,g,0.368,g
8.88801E+12,Double Belgian Chocolate,60.00,60 ,60 ,60 ,60 ,60 g,60 g,#REF!,100g,269,kcal,14.5,g,3.8,g,44.8,g,14.7,g,10.3,g,0.59182,g,0.236728,g
8.8813E+12,Instant Oatmeal,1000.00,1000,1 k,1 k,1 k,1 kg,1 kg,#REF!,100g,395,kcal,2,g,1.8,g,59,g,1.5,g,14,g,0.02032,g,0.008128,g
9.55504E+12,White Coffee,36.00,36,36,36,36,36g,36g,#REF!,100g,449,kcal,2,g,13.6,g,75.7,g,41.5,g,3.9,g,0.51816,g,0.207264,g
8.00313E+12,San Carlo Lime & Pink Pepper Flavour,150.00,150 ,150 ,150 ,150 ,150 g,150 g,#REF!,100g,493,kcal,1.7,g,9,g,56,g,2.2,g,6.7,g,1.7,g,0.68,g
8.85033E+12,Low Fat Yoghurt with Strawberry,135.00,135 ,135 ,135 ,135 ,135 g,135 g,#REF!,135g,118,kcal,30.8,g,1.3,g,20.8,g,18,g,4.1,g,0.18,g,0.072,g
8.85033E+12,Low Fat Yoghurt with Mixed Berry,135.00,135 ,135 ,135 ,135 ,135 g,135 g,#REF!,135g,117,kcal,4.1,g,1.3,g,20.6,g,18.4,g,4.1,g,0.18,g,0.072,g
6.89077E+11,fastchews zesty lemon lime,32.00,32,10 tabets,10 tablets,10 tablets,10 tablets,10 tablets,#REF!,3.2g,10,kcal,0,g,0,g,2,g,2,g,0,g,0.254,g,0.1016,g
8.888E+12,Black Soy Milk,1000.00,1000,1 ,1 l,1 l,1 l,1 l,#REF!,100g,54,kcal,0.5,g,0.3,g,7.6,g,7.1,g,2.2,g,0.0889,g,0.03556,g
8.85037E+12,Coconut water,1000.00,1000,1 ,1 l,1 l,1 l,1 l,#REF!,100g,38,kcal,0,g,0,g,10,g,8.8,g,0,g,0.25,g,0.1,g
8.88803E+12,Potato Chips Original,75.00,75 ,75 ,75 ,75 ,75 g,75 g,#REF!,100g,543,kcal,17.9,g,14.7,g,60.5,g,1.6,g,5.9,g,0.4064,g,0.16256,g
8.88803E+12,Wholemeal bread fair price,420.00,420 ,420 ,420 ,420 ,420 g,420 g,#REF!,100g,242,kcal,1.5,,2.1,g,40.3,g,4.5,g,10.9,g,0.41,g,0.164,g
8.8882E+12,Omega Plus Low Fat Hi Cal Milk,1000.00,1000,1 ,1 l,1 l,1 l,1 l,#REF!,100g,53,kcal,0,g,0.9,g,6,g,5.7,g,3.8,g,0.13,g,0.052,g
8.8882E+12,Apple Juice,1000.00,1000,1 ,1 l,1 l,1 l,1 l,#REF!,100g,98,kcal,0,g,0,g,24.3,g,19.8,g,0.3,g,0.05842,g,0.023368,g
8.8882E+12,Apple and Aloe Vera Juice,2000.00,2000,2 ,2 l,2 l,2 l,2 l,#REF!,100g,120,kcal,9.4,g,0,g,29.8,g,26,g,0.3,g,0.09652,g,0.038608,g
5.00012E+12,28 Fish Fingers Cod,784.00,784 ,784 ,784 ,784 ,784 g,784 g,#REF!,100g,219,kcal,0,g,0.6,g,21,g,0.5,g,13,g,0.72,g,0.288,g
8.88803E+12,Powerjuicd,2000.00,2000,2 ,2 l,2 l,2 l,2 l,#REF!,100g,38,kcal,0.9,g,0,g,24,g,22,g,0,g,0.2,g,0.08,g
8.88803E+12,Peel Fresh Select Juice Drink - Yuzu,1890.00,1890,1.89 ,1.89 l,1.89 l,1.89 l,1.89 l,#REF!,100g,45,kcal,10.6,g,0,g,11.1,g,10.1,g,0.1,g,0.01,g,0.004,g
4.00172E+12,Rustica Pizza 4 Cheese,555.00,555 ,555 ,555 ,555 ,555 g,555 g,#REF!,100g,247,kcal,1.4,g,5.9,g,28,g,2.8,g,12,g,1,g,0.4,g
8.85033E+12,Low Fat Strawberry Flavour Milk,450.00,450 ,450 ,450 ,450 ,450 ,450 ml,#REF!,100g,69,kcal,0,g,1,g,10.7,g,10.6,g,3.4,g,0.08636,g,0.034544,g
8.8882E+12,Sparklin' Fuji Apple,325.00,325 ,325 ,325 ,325 ,325 ,325 ml,#REF!,100g,28,kcal,1.4,g,0,g,7,g,6.9,g,0,g,0.01016,g,0.004064,g
9.55618E+12,Instant Oatmeal,1200.00,1200,1.2 k,1.2 k,1.2 k,1.2 kg,1.2 kg,#REF!,100g,399,kcal,1.5,g,2.4,g,67.6,g,0,g,13.5,g,0.00007112,g,0.000028448,g
8.8882E+12,Cookies & Cream Flavoured Milk Drink,240.00,240 ,240 ,240 ,240 ,240 ,240 ml,#REF!,100g,55,kcal,3.9,g,0.7,g,11.4,g,10.5,g,0.8,g,0.04318,g,0.017272,g
9.55616E+12,Chrysanthemum Tea,250.00,250 ,250 ,250 ,250 ,250 ,250 ml,#REF!,100g,24,kcal,1,g,0,g,6,g,6,g,0,g,0.00508,g,0.002032,g
8.88803E+12,Fresh Soya Milk,1000.00,1000,1 ,1 l,1 l,1 l,1 l,#REF!,100g,66,kcal,47.5,g,0.3,g,1.4,g,0.4,g,3.5,g,0.0625,g,0.025,g
8.8813E+12,All Natural Set Yogurt,1000.00,1000,1 k,1 k,1 k,1 kg,1 kg,#REF!,100g,66,kcal,0,g,2.7,g,3.4,g,0,g,4.2,g,0.10414,g,0.041656,g
9.55616E+12,Soy Bean Milk,250.00,250 ,250 ,250 ,250 ,250 ,250 ml,#REF!,100g,50,kcal,4.7,g,0.2,g,8.2,g,7.9,g,2,g,0,g,0,g
9.31071E+12,flaked almonds,300.00,300,300,300,300,300g,300g,#REF!,300g,583,kcal,0.01,g,3.7,g,13,g,5,g,23.5,g,0.005,g,0.002,g
8.80112E+12,orion turtle news corn soul,136.00,136 ,136 ,136 ,136 ,136 g,136 g,#REF!,100g,500,kcal,100,g,4,g,64,,8,,5,,6,g,2.4,g
8.908E+12,Plain Cut Slice Beetroot in Vinegar,3000.00,3000,Net Weiht 3000m/Drained Weiht: 1800m,Net Weiht 3000m/Drained Weiht: 1800m,Net Weiht 3000m/Drained Weiht: 1800m,Net Weight 3000gm/Drained Weight: 1800gm,Net Weight 3000gm/Drained Weight: 1800gm,#REF!,28g,15,kcal,0.5,g,0,g,3,g,3,g,0.3,g,215.9,g,86.36,g
9.55602E+12,Hickory Smoke Barbeque Sauce,1000.00,1000,1k/tub,1k/tub,1k/tub,1kg/tub,1kg/tub,#REF!,100g,175,kcal,1,g,0.9,g,30.1,g,27.5,g,1.6,g,2.06756,g,0.827024,g
6.93043E+12,Rice Vinegar,610.00,610,610/botte,610/bottle,610/bottle,610/bottle,610ml/bottle,#REF!,15g,10,kcal,1.8,g,0,g,0,g,0,g,0,g,5.08,g,2.032,g
3.55582E+12,Sweet Corn Kernel,425.00,425,Net Weiht 425m; Drained Weiht 250m,Net Weiht 425m; Drained Weiht 250m,Net Weiht 425m; Drained Weiht 250m,Net Weight 425gm; Drained Weight 250gm,Net Weight 425gm; Drained Weight 250gm,#REF!,125g,90,kcal,11,g,0,g,16,g,7,g,4,g,292.1,g,116.84,g
8.88814E+12,Razor Clams,425.00,425,425m,425m,425m,425gm,425gm,#REF!,40g,35,kcal,28.5,g,0.1,g,0.5,g,0,g,7.9,g,0.5461,g,0.21844,g
8.888E+12,Tyj Spring Roll Pastry,550.00,550,30 sheets (550 ),30 sheets (550 ),30 sheets (550 ),30 sheets (550 g),30 sheets (550 g),#REF!,100g,308,kcal,0,g,3.9,g,58.4,g,1.4,g,7.4,g,0.95,g,0.38,g
9.556E+12,Milo Nestle,200.00,200 ,200 ,200 ,200 ,200 ,200 ml,#REF!,100g,62,kcal,0.1,g,0.9,g,9.5,g,7.5,g,1.8,g,0.033,g,0.0132,g
9.30066E+12,Heinz Tomato Ketchup,300.00,300,300,300,300,300g,300g,#REF!,100g,113,kcal,4,g,0.1,g,27,g,27,g,1.1,g,1.16,g,0.464,g
4.0171E+12,Herbatniki Leibniz Minis 100G.,100.00,100,100,100,100,100g,100g,#REF!,100g,439,kcal,30,g,6.8,g,76,g,27,g,7.8,g,0.78,g,0.312,g
3.07378E+12,Babybel cheddar,5.00,5,5,5,5,5,5,#REF!,100g,341,kcal,1,g,19,g,0.5,g,0.5,g,0,g,0.62,g,0.248,g
4.00642E+12,Blackcurrant Extra Jam with Sweetener,430.00,430 ,430 ,430 ,430 ,430 g,430 g,#REF!,100g,151,kcal,0,g,0.1,g,57.4,g,2.1,g,0.4,g,0.02,g,0.008,g
8.71919E+12,Sour Strips,275.00,275 ,275 ,275 ,275 ,275 g,275 g,#REF!,100g,377,kcal,15.3,,2,g,69,g,46,g,2,g,0.7,g,0.28,g
8.00432E+12,Eliche tricolore,500.00,500,500,500,500,500g,500g,#REF!,100g,359,kcal,82,g,0.3,,74,,3.5,,13.5,,0.03,g,0.012,g
4.89305E+12,Oreo Sandwich Cookies 9 X 29.4G,256.50,256.5,9 x 28.5,9 x 28.5,9 x 28.5,9 x 28.5,9 x 28.5,#REF!,100g,489,kcal,15.38,g,9.9,g,71.3,g,38.2,g,4.7,g,1.32,g,0.528,g
9.55502E+12,Mamee Monster BBQ Flavour Snack Noodles,25.00,25,25 (1 Packet),25 (1 Packet),25 (1 Packet),25g (1 Packet),25g (1 Packet),#REF!,100g,451,kcal,5.4,g,8,g,67.2,g,3.7,g,11.1,g,25,g,10,g
5.7409E+12,Danish Butter,250.00,250,250,250,250,250g,250g,#REF!,100g,739,kcal,19,g,52,g,0.7,g,0.7,g,0.6,g,1.2192,g,0.48768,g
15205720301,"Asian home gourmet, spice paste for indian butter chicken, mild",50.00,50,1.75 oz/50 ,1.75 oz/50 ,1.75 oz/50 ,1.75 oz/50 g,1.75 oz/50 g,#REF!,100g,231,kcal,19.3,g,0,g,7.69,g,7.69,g,7.69,g,8.27,g,3.308,g
28400017015,Potato Chips Sour Cream & Onion Flavored,184.20,184.2,"6.5 oz, 184.2 ","6.5 oz, 184.2 ","6.5 oz, 184.2 ","6.5 oz, 184.2 g","6.5 oz, 184.2 g",#REF!,28g,160,kcal,10.8,g,1.5,g,15,g,1,g,2,g,0.6,g,0.24,g
38527591039,Oatmeal Squares Original,411.00,411,411,411,411,411g,411g,#REF!,100g,406,kcal,0,g,0.9,g,78.6,g,16.1,g,10.7,g,0.86106,g,0.344424,g
3.08368E+12,Bonduelle Pois Carottes Extra Fin Lot 3X1 / 4,600.00,600 ,600 ,600 ,600 ,600 g,600 g,#REF!,100g,54,kcal,9.2,g,0.1,g,7.2,g,3.4,g,2.9,g,0.57,g,0.228,g
8.88844E+12,Croissant with milk cream filling,50.00,50 ,50 ,50 ,50 ,50 g,50 g,#REF!,100g,410,kcal,9.5,g,9,g,54,g,22,g,5.2,g,0.48,g,0.192,g
9.55644E+12,Oat Krunch,208.00,208 ,208 ,208 ,208 ,208 g,208 g,#REF!,100g,474,kcal,6,g,7.6,g,66.4,g,21.6,g,8.7,g,0.55,g,0.22,g
8.88863E+12,Instant Oatmeal,500.00,500 ,500 ,500 ,500 ,500 g,500 g,#REF!,100g,383,kcal,9.7,g,2.4,g,67.4,g,1.6,g,11.1,g,1.27E-08,g,5.08E-09,g
9.55616E+12,Chrysanthemum Pu'er Tea,250.00,250 ,250 ,250 ,250 ,250 ,250 ml,#REF!,250ml,0,kcal,8.4,g,0,g,0,g,0,g,0,g,0.03302,g,0.013208,g
9.55618E+12,Instant Rolled Oats,800.00,800 ,800 ,800 ,800 ,800 g,800 g,#REF!,100g,414,kcal,99.8,g,1.7,g,71.3,g,0.4,g,11.4,g,2.794E-08,g,1.1176E-08,g
4.80019E+12,Bread Pan,42.00,42 ,42 ,42 ,42 ,42 g,42 g,#REF!,30g,140,kcal,1.5,g,3,g,20,g,2,g,4,g,0.4826,g,0.19304,g
19839479,Extra Virgin Coconut Oil,500.00,500 ,500 ,500 ,500 ,500 ,500 ml,#REF!,100g,898,kcal,1.6,g,94.5,g,0.1,g,0,g,0,g,0.00000508,g,0.000002032,g
9.55549E+12,Sesame Heong Peah,400.00,400,400 rams,400 rams,400 rams,400 grams,400 grams,#REF!,100g,472,kcal,10.2,g,10,g,71,g,12.1,g,3.3,g,0.58,g,0.232,g
8.80105E+12,Gochujang Bibimpap Sauce,300.00,300 ,300 ,300 ,300 ,300 g,300 g,#REF!,40g,90,kcal,0,g,0,g,17,g,10,g,2,g,2.57,g,1.028,g
9.5564E+12,Evervess Air Tonic,320.00,320 ,320 ,320 ,320 ,320 ,320 ml,#REF!,320ml,122,kcal,0,g,0,g,30.1,g,30.1,g,0,g,0.0000254,g,0.00001016,g
8.88803E+12,Thai Brown Unpolished Rice,2500.00,2500,2.5 k,2.5 k,2.5 k,2.5 kg,2.5 kg,#REF!,100g,355,kcal,6.857142857,g,0.5,g,76.7,g,0,g,8.6,g,0,g,0,g
7.97776E+11,Tropical Coconut Ice Cream,473.00,473 ,473 ,473 ,473 ,473 ,473 ml,#REF!,100g,193,kcal,3.5,g,9.6,g,24,g,24,g,0.9,g,0.00025,g,0.0001,g
9.55503E+12,2in1 Pemang Kopi-O,560.00,560,28 x 20 sachets,28 x 20 sachets,28 x 20 sachets,28g x 20 sachets,28g x 20 sachets,#REF!,28g,12,kcal,0,g,0,g,3,g,3,g,0,g,22.86,g,9.144,g
8.99721E+12,Kara Coco 100% Coconut Water,1000.00,1000,1 ,1 l,1 l,1 l,1 l,#REF!,250ml,44,kcal,2.4,g,0,g,10.7,g,8.6,g,0.3,g,0.27,g,0.108,g
8.8882E+12,Pure Premium 100% Orange Juice,1000.00,1000,1 ,1 ,1 L,1 L,1 L,#REF!,100g,47,kcal,0,g,0,g,10.9,g,9,g,0.9,g,0.02,g,0.008,g
8.8882E+12,Ice Lemon Tea,250.00,250 ,250 ,250 ,250 ,250 ,250 ml,#REF!,100g,40,kcal,0,g,0,g,10,g,10,g,0,g,0.01,g,0.004,g
8.88647E+12,Wholemeal Quinoa Bread,350.00,350 ,350 ,350 ,350 ,350 g,350 g,#REF!,100g,272.0571429,kcal,35.7,g,1.4,g,12.88571429,g,5.657142857,g,7.742857143,g,0.8264285,g,0.3305714,g
9.55507E+12,Superfood,500.00,500 ,500 ,500 ,500 ,500 g,500 g,#REF!,100g,390,kcal,21.1,g,1,g,82,g,21,g,8,g,0.51,g,0.204,g
8.88819E+12,Baby Corn,200.00,200 ,200 ,200 ,200 ,200 g,200 g,#REF!,130g,45,kcal,3,g,0,g,8,g,3,g,2,g,0.53,g,0.212,g
8.88835E+12,Extra Smooth Silken Tofu,300.00,300 ,300 ,300 ,300 ,300 g,300 g,#REF!,100g,49,kcal,9.5,g,0.5,g,1.8,g,0.9,g,5,g,0,g,0,g
8.88863E+12,Sardines in tomato sauce,155.00,155 ,155 ,155 ,155 ,155 g,155 g,#REF!,100g,108,kcal,0,g,1.7,g,3.7,g,1.3,g,13.9,g,1,g,0.4,g
8.88863E+12,Pineapple in heavy syrup,565.00,565,565  net,565  net,565  net,565 g net,565 g net,#REF!,100g,93,kcal,20.9,g,0,g,22.7,g,18,g,0.6,g,0.02,g,0.008,g
8.88863E+12,Menglembu Groundnuts,120.00,120 ,120 ,120 ,120 ,120 g,120 g,#REF!,100g,429,kcal,29,g,7.1,g,17.9,g,2,g,21.4,g,1.81,g,0.724,g
8.88863E+12,Cream Crackers,176.00,176 ,176 ,176 ,176 ,176 g,176 g,#REF!,100g,484,kcal,13.63636364,g,10.5,g,62.9,g,2.9,g,10.6,g,1.39,g,0.556,g
8.99703E+12,Durian Flavour Cream Biscuit,200.00,200 ,200 ,200 ,200 ,200 g,200 g,#REF!,21g,100,kcal,3,g,1.5,g,16,g,7,g,1,g,0.18,g,0.072,g
8.8882E+12,Oolong tea,5.00,5,5,5,5,5,5,#REF!,100g,0,kcal,33.7,g,0,g,0,g,0,g,0,g,13,g,5.2,g
9.55629E+12,Oat Cookies,162.00,162,162 (6 x 27),162 (6 x 27),162 (6 x 27),162g (6 x 27g),162g (6 x 27g),#REF!,100g,466,kcal,21,g,10.2,g,67.4,g,36.3,g,5.9,g,1.24,g,0.496,g
7.61329E+12,Signature chocolate,220.00,220,10 x 22 ,10 x 22 ,10 x 22 ,10 x 22 g,10 x 22 g,#REF!,100g,390.9090909,kcal,9.3,g,5,g,60.90909091,g,56.81818182,g,8.181818182,g,0.44318175,g,0.1772727,g
6.12789E+11,Peri Peri Lime Soya Crisps,25.00,25 ,25 ,25 ,25 ,25 g,25 g,#REF!,100g,485,kcal,5.4,g,2,g,56,g,10.8,g,5.2,g,2.67,g,1.068,g
6.18528E+11,Crunchies Peanut Pretzel,130.00,130 ,130 ,130 ,130 ,130 g,130 g,#REF!,100g,533,kcal,3.6,g,9.7,g,45.3,g,7.3,g,15.7,g,0.86,g,0.344,g
9.55581E+12,Deluxe nuts,350.00,350 ,350 ,350 ,350 ,350 g,350 g,#REF!,100g,478,kcal,,g,2.8,g,26.7,g,8.8,g,3.7,g,0.225,g,0.09,g
8.02333E+12,Toast cocoa,160.00,160,2 x 80 ,2 x 80 ,2 x 80 ,2 x 80 g,2 x 80 g,#REF!,100g,317,kcal,,g,2,g,8,g,1,g,45,g,1.35,g,0.54,g
9.33508E+12,Orhanic beetroot hummus,200.00,200 ,200 ,200 ,200 ,200 g,200 g,#REF!,100g,114.5,kcal,,g,1,g,7,g,7,g,3.5,g,1.075,g,0.43,g
9.31014E+12,Rice cracker,90.00,90 ,90 ,90 ,90 ,90 g,90 g,#REF!,100g,124,kcal,,g,1.9,g,79,g,0.5,g,12.3,g,1.2325,g,0.493,g
8.88809E+12,Chickened out Chunks,160.00,160 ,160 ,160 ,160 ,160 g,160 g,#REF!,100g,1,kcal,,g,0.4,g,2.9,g,0.5,g,21.3,g,1.11,g,0.444,g
8.88838E+12,Pickled Lettuce,180.00,180,180,180,180,180g,180g,#REF!,9pcs (30g),8,kcal,,g,0,g,4,g,3,g,0,g,1.27,g,0.508,g